customer_id,tenure_months,monthly_charges,total_charges,contract_type,internet_service,online_security,tech_support,payment_method,senior_citizen,num_support_tickets,churn
CUST-0001,15,87.67,1418.2,month-to-month,none,no,yes,bank_transfer,0,3,1
CUST-0002,55,91.6,5240.86,month-to-month,fiber,yes,yes,bank_transfer,0,6,0
CUST-0003,58,35.55,2250.45,two_year,dsl,yes,yes,mailed_check,1,8,0
CUST-0004,12,73.62,967.03,one_year,fiber,no,no,credit_card,0,14,0
CUST-0005,71,97.31,7579.49,one_year,none,no,yes,electronic_check,0,7,0
CUST-0006,13,40.95,507.54,one_year,dsl,no,no,bank_transfer,1,11,0
CUST-0007,10,46.99,509.88,two_year,none,yes,yes,bank_transfer,1,12,0
CUST-0008,29,46.77,1277.93,two_year,dsl,yes,yes,electronic_check,1,12,0
CUST-0009,41,33.96,1460.58,month-to-month,none,no,no,mailed_check,0,8,0
CUST-0010,55,95.58,5636.56,two_year,dsl,no,yes,bank_transfer,1,2,0
CUST-0011,21,117.11,2636.76,two_year,dsl,yes,no,mailed_check,1,8,1
CUST-0012,15,35.82,483.92,two_year,none,no,no,electronic_check,1,13,0
CUST-0013,34,96.25,3298.27,two_year,fiber,yes,no,bank_transfer,0,11,0
CUST-0014,68,107.87,7821.72,month-to-month,none,no,no,electronic_check,0,11,1
CUST-0015,8,32.84,261.42,month-to-month,none,yes,yes,mailed_check,0,4,0
CUST-0016,34,119.51,4185.14,two_year,none,no,yes,bank_transfer,1,12,0
CUST-0017,67,78.83,4996.52,one_year,fiber,yes,yes,electronic_check,1,0,0
CUST-0018,10,27.09,256.71,two_year,none,yes,yes,electronic_check,0,10,0
CUST-0019,28,29.43,850.24,two_year,fiber,no,yes,mailed_check,1,6,0
CUST-0020,53,100.06,4888.76,one_year,none,yes,yes,electronic_check,1,10,1
CUST-0021,69,107.45,6784.43,one_year,fiber,no,yes,credit_card,1,7,0
CUST-0022,71,68.56,4589.08,month-to-month,fiber,yes,yes,bank_transfer,0,13,0
CUST-0023,8,62.3,543.99,month-to-month,dsl,yes,no,credit_card,1,9,0
CUST-0024,72,116.87,8547.89,two_year,none,no,yes,bank_transfer,1,6,0
CUST-0025,41,26.85,1005.73,month-to-month,fiber,no,yes,electronic_check,0,5,0
CUST-0026,52,113.47,5551.44,month-to-month,none,yes,yes,electronic_check,1,10,0
CUST-0027,31,20.93,664.55,one_year,dsl,yes,no,mailed_check,1,2,0
CUST-0028,13,107.93,1366.48,month-to-month,none,yes,no,bank_transfer,1,2,1
CUST-0029,70,31.54,2034.28,two_year,dsl,yes,no,electronic_check,0,8,0
CUST-0030,35,45.11,1707.73,one_year,none,yes,no,bank_transfer,1,15,1
CUST-0031,55,94.12,5230.11,one_year,fiber,yes,no,bank_transfer,1,5,0
CUST-0032,2,32.74,62.97,month-to-month,fiber,yes,yes,credit_card,0,13,0
CUST-0033,6,112.58,639.91,one_year,fiber,yes,yes,credit_card,1,4,1
CUST-0034,23,35.92,859.42,one_year,fiber,yes,no,mailed_check,0,8,0
CUST-0035,5,42.29,218.22,one_year,fiber,yes,no,credit_card,1,7,0
CUST-0036,36,107.7,3692.04,month-to-month,dsl,no,no,credit_card,0,3,0
CUST-0037,34,58.52,2020.16,month-to-month,fiber,no,no,credit_card,1,3,1
CUST-0038,56,82.32,4760.56,month-to-month,none,yes,no,mailed_check,0,10,1
CUST-0039,39,39.18,1578.42,two_year,dsl,no,no,mailed_check,1,4,0
CUST-0040,23,41.02,997.38,two_year,none,no,no,electronic_check,1,9,0
CUST-0041,42,48.38,2098.55,one_year,dsl,no,yes,mailed_check,0,2,0
CUST-0042,12,24.62,324.03,month-to-month,none,no,yes,bank_transfer,0,0,0
CUST-0043,10,34.76,360.64,one_year,dsl,yes,no,mailed_check,1,7,0
CUST-0044,14,65.65,974.51,one_year,fiber,yes,no,electronic_check,0,3,0
CUST-0045,72,65.01,4916.42,two_year,dsl,no,no,mailed_check,0,15,0
CUST-0046,36,43.45,1512.85,two_year,dsl,yes,no,mailed_check,0,9,0
CUST-0047,11,61.49,653.51,month-to-month,fiber,yes,no,bank_transfer,0,2,0
CUST-0048,8,114.27,877.34,month-to-month,dsl,no,yes,mailed_check,1,0,0
CUST-0049,54,68.56,3619.94,two_year,none,yes,no,bank_transfer,1,13,0
CUST-0050,52,28.39,1455.2,two_year,fiber,no,yes,electronic_check,1,0,0
CUST-0051,24,53.75,1387.95,month-to-month,dsl,no,no,bank_transfer,1,10,1
CUST-0052,54,85.01,4848.74,one_year,fiber,no,yes,electronic_check,1,7,0
CUST-0053,4,86.95,352.25,month-to-month,fiber,yes,yes,bank_transfer,0,15,1
CUST-0054,33,112.89,3781.84,one_year,fiber,yes,yes,credit_card,0,0,0
CUST-0055,49,105.03,5249.82,one_year,none,yes,yes,bank_transfer,0,9,0
CUST-0056,6,104.96,670.36,one_year,none,no,no,electronic_check,1,0,1
CUST-0057,47,66.49,3328.62,two_year,dsl,yes,no,bank_transfer,1,15,0
CUST-0058,42,53.64,2250.31,month-to-month,fiber,no,no,bank_transfer,1,12,1
CUST-0059,63,71.66,4235.63,month-to-month,dsl,no,no,credit_card,1,0,0
CUST-0060,53,29.31,1466.93,one_year,none,yes,no,mailed_check,1,0,0
CUST-0061,40,55.18,2186.78,two_year,none,no,no,credit_card,1,10,0
CUST-0062,30,41.64,1245.25,month-to-month,none,yes,no,electronic_check,0,6,0
CUST-0063,68,37.94,2329.23,two_year,dsl,yes,yes,credit_card,0,11,0
CUST-0064,36,77.41,2769.7,month-to-month,fiber,no,yes,mailed_check,0,0,0
CUST-0065,24,27.41,674.87,month-to-month,dsl,no,yes,electronic_check,1,15,1
CUST-0066,20,97.57,1904.71,two_year,dsl,yes,yes,electronic_check,1,7,0
CUST-0067,39,46.46,1660.17,two_year,dsl,no,yes,electronic_check,0,6,0
CUST-0068,71,23.26,1581.47,month-to-month,fiber,yes,no,mailed_check,1,9,0
CUST-0069,59,74.46,4522.86,month-to-month,none,yes,no,bank_transfer,1,3,0
CUST-0070,19,66.87,1220.75,month-to-month,fiber,yes,no,credit_card,1,3,0
CUST-0071,35,93.45,3338.59,two_year,none,no,no,electronic_check,0,13,1
CUST-0072,30,71.9,2132.08,two_year,none,yes,no,electronic_check,0,15,1
CUST-0073,56,52.11,2687.39,two_year,dsl,yes,no,credit_card,1,10,0
CUST-0074,53,51.45,2630.47,two_year,dsl,no,no,electronic_check,1,2,0
CUST-0075,52,82.26,4276.23,two_year,fiber,no,no,electronic_check,0,11,0
CUST-0076,7,22.89,164.4,month-to-month,dsl,yes,no,mailed_check,1,3,0
CUST-0077,21,66.14,1282.68,one_year,none,yes,no,electronic_check,0,3,0
CUST-0078,64,65.68,3904.77,two_year,dsl,no,no,mailed_check,1,7,0
CUST-0079,66,102.05,6442.77,two_year,fiber,yes,no,mailed_check,1,8,0
CUST-0080,63,113.29,7664.86,month-to-month,dsl,no,no,credit_card,1,14,0
CUST-0081,31,90.52,2980.89,two_year,dsl,yes,no,electronic_check,1,15,0
CUST-0082,20,72.6,1439.49,one_year,fiber,yes,no,electronic_check,1,3,0
CUST-0083,53,84.98,4820.81,two_year,fiber,yes,no,credit_card,1,12,0
CUST-0084,69,119.74,8669.82,one_year,dsl,no,yes,electronic_check,0,9,0
CUST-0085,13,24.6,338.74,two_year,none,yes,no,bank_transfer,1,0,0
CUST-0086,48,27.9,1438.53,one_year,fiber,yes,no,bank_transfer,0,5,0
CUST-0087,31,45.53,1272.94,one_year,none,yes,yes,mailed_check,1,14,0
CUST-0088,37,83.89,3056.94,two_year,none,yes,yes,mailed_check,1,9,0
CUST-0089,39,77.48,3319.48,month-to-month,dsl,no,yes,bank_transfer,1,11,1
CUST-0090,51,41.9,2004.47,one_year,fiber,yes,no,credit_card,0,11,0
CUST-0091,18,93.24,1540.74,two_year,fiber,yes,no,mailed_check,0,11,0
CUST-0092,54,111.4,6550.01,month-to-month,fiber,yes,no,credit_card,0,8,0
CUST-0093,38,106.01,4209.03,two_year,dsl,yes,no,electronic_check,0,7,0
CUST-0094,72,56.86,4297.81,one_year,fiber,no,yes,credit_card,0,14,0
CUST-0095,49,111.53,5160.43,two_year,dsl,yes,yes,mailed_check,0,10,1
CUST-0096,60,50.44,3021.94,two_year,dsl,no,yes,bank_transfer,0,1,0
CUST-0097,69,85.49,6292.49,month-to-month,dsl,no,no,mailed_check,0,13,0
CUST-0098,36,105.55,3495.33,month-to-month,none,no,yes,mailed_check,1,7,0
CUST-0099,70,114.9,8564.49,two_year,dsl,yes,no,credit_card,0,3,0
CUST-0100,28,98.7,2600.66,two_year,none,yes,yes,credit_card,0,4,0
CUST-0101,71,47.73,3716.89,month-to-month,none,yes,yes,credit_card,0,0,0
CUST-0102,70,99.0,6566.77,one_year,fiber,yes,yes,bank_transfer,0,11,0
CUST-0103,23,64.83,1449.95,one_year,fiber,yes,no,electronic_check,0,15,0
CUST-0104,58,119.86,7434.76,two_year,fiber,yes,no,mailed_check,0,1,0
CUST-0105,14,26.57,355.24,one_year,none,no,yes,electronic_check,1,4,0
CUST-0106,71,99.31,6507.26,two_year,dsl,no,no,mailed_check,1,3,0
CUST-0107,71,102.74,7146.8,two_year,fiber,no,no,bank_transfer,1,10,0
CUST-0108,41,29.12,1094.91,one_year,dsl,no,no,bank_transfer,1,2,0
CUST-0109,48,107.36,5607.93,month-to-month,none,yes,no,electronic_check,1,11,1
CUST-0110,7,85.67,566.62,one_year,none,no,no,electronic_check,0,4,1
CUST-0111,72,22.9,1574.03,one_year,fiber,no,yes,mailed_check,0,8,0
CUST-0112,44,94.1,4531.1,one_year,fiber,yes,yes,mailed_check,0,4,1
CUST-0113,68,51.16,3356.69,month-to-month,dsl,no,no,credit_card,0,11,0
CUST-0114,11,86.19,945.37,month-to-month,fiber,yes,yes,electronic_check,1,14,1
CUST-0115,35,87.82,3130.95,month-to-month,none,yes,no,mailed_check,0,9,0
CUST-0116,40,114.53,4826.16,month-to-month,fiber,no,yes,electronic_check,0,9,0
CUST-0117,38,58.02,2294.57,one_year,fiber,yes,no,mailed_check,0,4,0
CUST-0118,46,106.21,4959.69,month-to-month,dsl,yes,no,electronic_check,1,2,0
CUST-0119,54,103.2,6040.66,one_year,fiber,no,yes,credit_card,0,14,1
CUST-0120,14,42.16,623.19,month-to-month,dsl,no,yes,mailed_check,1,10,1
CUST-0121,15,30.28,432.03,two_year,none,yes,no,credit_card,0,7,0
CUST-0122,20,106.42,2182.55,two_year,fiber,yes,no,mailed_check,1,10,1
CUST-0123,9,51.04,454.94,one_year,dsl,no,no,electronic_check,1,2,1
CUST-0124,37,110.9,4162.11,month-to-month,none,yes,no,mailed_check,0,14,1
CUST-0125,61,70.45,4016.02,two_year,fiber,yes,no,electronic_check,1,2,0
CUST-0126,57,60.88,3357.98,one_year,none,yes,no,credit_card,1,12,0
CUST-0127,43,53.34,2331.57,month-to-month,dsl,yes,no,credit_card,1,4,1
CUST-0128,45,84.35,3665.54,one_year,none,no,yes,electronic_check,1,12,1
CUST-0129,68,38.03,2438.22,month-to-month,none,no,no,electronic_check,1,9,0
CUST-0130,63,70.77,4493.97,month-to-month,fiber,yes,yes,electronic_check,1,3,0
CUST-0131,68,38.08,2689.31,month-to-month,none,no,yes,mailed_check,0,5,0
CUST-0132,22,81.06,1873.34,two_year,dsl,yes,no,credit_card,0,14,0
CUST-0133,30,66.17,1898.46,two_year,fiber,no,no,bank_transfer,1,14,0
CUST-0134,68,107.41,7383.55,one_year,fiber,yes,yes,credit_card,0,15,1
CUST-0135,67,103.1,6343.64,month-to-month,dsl,yes,yes,credit_card,1,4,0
CUST-0136,58,58.62,3115.46,one_year,fiber,no,yes,mailed_check,1,7,0
CUST-0137,41,111.74,4556.1,month-to-month,none,no,yes,bank_transfer,0,9,0
CUST-0138,61,103.5,6375.13,one_year,none,yes,yes,electronic_check,1,6,0
CUST-0139,68,43.84,3063.97,one_year,fiber,no,yes,credit_card,0,1,0
CUST-0140,9,20.16,176.1,month-to-month,dsl,yes,yes,bank_transfer,1,13,0
CUST-0141,24,107.33,2340.76,two_year,none,yes,no,electronic_check,0,12,0
CUST-0142,48,93.29,4592.78,one_year,none,yes,no,electronic_check,1,7,0
CUST-0143,43,83.17,3799.11,month-to-month,fiber,no,no,bank_transfer,1,15,1
CUST-0144,59,113.34,6707.63,month-to-month,dsl,yes,yes,bank_transfer,0,10,0
CUST-0145,70,106.58,7209.81,one_year,dsl,yes,yes,credit_card,1,1,0
CUST-0146,48,89.21,4168.47,one_year,dsl,no,no,credit_card,0,15,0
CUST-0147,35,52.12,1670.99,month-to-month,none,no,yes,mailed_check,0,9,0
CUST-0148,40,24.24,1041.36,one_year,none,no,yes,mailed_check,1,14,0
CUST-0149,56,115.28,5994.46,one_year,none,yes,yes,mailed_check,1,5,0
CUST-0150,57,114.95,5939.37,month-to-month,fiber,yes,yes,credit_card,1,12,1
CUST-0151,58,51.44,2851.46,one_year,dsl,no,yes,bank_transfer,1,12,0
CUST-0152,4,90.4,340.96,two_year,fiber,no,no,electronic_check,1,8,0
CUST-0153,63,119.73,8011.43,month-to-month,fiber,yes,yes,mailed_check,0,14,0
CUST-0154,41,99.37,4081.3,two_year,dsl,yes,no,credit_card,0,5,0
CUST-0155,26,100.37,2636.58,month-to-month,fiber,no,yes,credit_card,1,14,0
CUST-0156,12,32.53,376.07,month-to-month,dsl,no,no,mailed_check,1,2,1
CUST-0157,60,70.29,4527.98,two_year,none,no,yes,bank_transfer,0,13,0
CUST-0158,67,114.75,7717.31,month-to-month,dsl,yes,yes,credit_card,0,11,0
CUST-0159,11,79.18,885.03,one_year,fiber,no,yes,credit_card,0,5,1
CUST-0160,44,96.7,4183.82,two_year,fiber,yes,yes,electronic_check,1,6,0
CUST-0161,64,49.74,2911.48,two_year,none,no,no,mailed_check,0,12,1
CUST-0162,57,106.15,5831.9,one_year,dsl,no,yes,credit_card,0,10,0
CUST-0163,45,32.25,1436.62,one_year,fiber,no,yes,credit_card,0,14,1
CUST-0164,7,38.98,254.27,one_year,dsl,no,yes,bank_transfer,1,10,0
CUST-0165,60,116.67,6601.39,one_year,dsl,no,yes,electronic_check,1,14,0
CUST-0166,7,33.39,222.72,one_year,dsl,no,no,electronic_check,0,13,1
CUST-0167,52,27.35,1423.41,one_year,fiber,no,yes,bank_transfer,1,9,0
CUST-0168,36,99.49,3466.37,two_year,none,yes,yes,electronic_check,1,11,0
CUST-0169,19,91.36,1841.37,month-to-month,none,no,yes,electronic_check,0,4,0
CUST-0170,20,119.06,2495.17,two_year,none,yes,no,credit_card,0,12,0
CUST-0171,44,53.12,2154.79,two_year,none,no,no,mailed_check,0,11,0
CUST-0172,40,78.35,2927.48,two_year,none,yes,no,credit_card,0,1,0
CUST-0173,49,64.1,3089.88,month-to-month,none,yes,yes,electronic_check,0,0,0
CUST-0174,27,119.81,3220.88,one_year,none,no,yes,bank_transfer,0,10,0
CUST-0175,23,115.73,2544.14,one_year,none,no,no,credit_card,1,6,0
CUST-0176,39,76.05,3223.68,one_year,none,yes,no,credit_card,1,11,0
CUST-0177,37,24.21,977.34,month-to-month,none,no,no,credit_card,0,9,1
CUST-0178,57,33.73,1967.09,two_year,dsl,no,yes,bank_transfer,1,8,0
CUST-0179,32,53.03,1687.59,month-to-month,none,yes,yes,electronic_check,0,13,0
CUST-0180,18,95.59,1647.41,month-to-month,none,yes,no,mailed_check,1,6,0
CUST-0181,8,113.39,823.0,month-to-month,none,yes,yes,bank_transfer,1,5,0
CUST-0182,64,112.85,6984.12,month-to-month,none,no,yes,electronic_check,1,3,0
CUST-0183,70,53.07,3886.62,two_year,dsl,yes,no,credit_card,0,3,0
CUST-0184,24,102.7,2472.33,month-to-month,none,no,no,bank_transfer,0,12,1
CUST-0185,13,58.36,750.6,month-to-month,fiber,no,no,bank_transfer,0,8,1
CUST-0186,43,86.78,3705.71,one_year,none,yes,no,credit_card,0,1,0
CUST-0187,65,115.74,7490.27,two_year,dsl,yes,no,credit_card,0,7,0
CUST-0188,48,72.82,3398.74,one_year,none,no,yes,bank_transfer,0,14,0
CUST-0189,15,31.62,446.35,month-to-month,none,yes,yes,bank_transfer,1,14,0
CUST-0190,12,76.39,927.46,two_year,dsl,yes,no,bank_transfer,1,14,0
CUST-0191,40,24.53,950.69,two_year,fiber,no,no,electronic_check,0,2,1
CUST-0192,8,96.58,846.56,month-to-month,dsl,yes,no,mailed_check,0,4,0
CUST-0193,54,85.35,4468.58,one_year,dsl,no,no,mailed_check,0,4,0
CUST-0194,69,66.3,4775.16,one_year,none,yes,yes,electronic_check,0,9,0
CUST-0195,49,113.74,5824.08,month-to-month,fiber,no,no,bank_transfer,1,6,1
CUST-0196,54,64.64,3610.65,two_year,fiber,yes,yes,electronic_check,0,1,0
CUST-0197,32,34.01,1195.73,two_year,fiber,no,no,bank_transfer,0,1,0
CUST-0198,41,61.36,2402.63,two_year,none,no,yes,credit_card,0,7,0
CUST-0199,23,98.58,2185.14,two_year,none,no,no,electronic_check,1,12,0
CUST-0200,20,105.75,1964.56,one_year,dsl,yes,no,bank_transfer,0,9,0
CUST-0201,8,40.33,332.11,two_year,dsl,no,yes,mailed_check,0,8,0
CUST-0202,48,107.36,4831.88,month-to-month,none,yes,yes,credit_card,1,1,0
CUST-0203,72,113.72,8944.52,month-to-month,dsl,yes,no,credit_card,0,6,1
CUST-0204,62,58.07,3624.57,month-to-month,none,yes,no,bank_transfer,1,9,0
CUST-0205,34,111.43,3690.65,one_year,none,no,no,electronic_check,1,10,0
CUST-0206,29,39.62,1086.94,two_year,fiber,yes,no,mailed_check,1,4,0
CUST-0207,32,36.82,1247.75,one_year,none,no,no,mailed_check,1,14,1
CUST-0208,70,61.24,4580.48,one_year,fiber,yes,yes,electronic_check,0,0,0
CUST-0209,20,21.57,434.18,month-to-month,fiber,no,no,electronic_check,1,15,1
CUST-0210,3,30.7,84.66,two_year,none,no,no,electronic_check,1,5,1
CUST-0211,25,57.31,1405.82,two_year,none,no,no,credit_card,1,2,0
CUST-0212,29,57.72,1665.85,one_year,none,yes,yes,electronic_check,1,12,0
CUST-0213,22,41.14,971.72,month-to-month,dsl,no,no,electronic_check,0,7,0
CUST-0214,61,21.57,1238.71,one_year,fiber,yes,no,electronic_check,0,10,1
CUST-0215,51,95.56,4522.62,month-to-month,dsl,yes,yes,mailed_check,1,12,0
CUST-0216,11,103.87,1106.14,two_year,none,no,yes,electronic_check,1,7,0
CUST-0217,51,75.3,3744.62,one_year,fiber,no,no,mailed_check,0,11,1
CUST-0218,49,35.42,1809.06,month-to-month,none,no,yes,electronic_check,0,8,0
CUST-0219,50,55.99,2670.59,one_year,dsl,yes,yes,electronic_check,1,14,1
CUST-0220,24,75.42,1845.17,one_year,dsl,no,yes,electronic_check,0,11,0
CUST-0221,50,88.53,4133.91,month-to-month,dsl,no,no,electronic_check,0,5,0
CUST-0222,35,49.98,1848.19,one_year,fiber,yes,yes,mailed_check,1,13,0
CUST-0223,32,50.47,1760.01,two_year,none,no,yes,mailed_check,0,4,0
CUST-0224,49,80.32,4089.4,one_year,dsl,no,no,bank_transfer,1,10,0
CUST-0225,23,48.03,1167.85,one_year,dsl,no,no,bank_transfer,1,12,0
CUST-0226,26,99.77,2765.89,two_year,none,yes,yes,mailed_check,0,14,1
CUST-0227,53,91.52,5131.0,two_year,dsl,yes,no,bank_transfer,1,4,0
CUST-0228,62,96.9,6197.17,two_year,dsl,no,yes,credit_card,0,3,0
CUST-0229,6,29.86,169.2,two_year,none,no,no,mailed_check,0,0,0
CUST-0230,72,97.23,7124.6,two_year,none,yes,no,credit_card,1,14,0
CUST-0231,45,103.13,4854.47,month-to-month,dsl,yes,no,mailed_check,0,3,0
CUST-0232,44,92.2,4018.22,one_year,fiber,no,no,mailed_check,0,14,1
CUST-0233,6,71.6,434.06,two_year,fiber,yes,no,electronic_check,0,7,0
CUST-0234,55,22.92,1289.37,one_year,fiber,no,yes,bank_transfer,1,12,1
CUST-0235,55,99.95,5537.81,one_year,fiber,yes,yes,credit_card,0,3,0
CUST-0236,26,78.7,1983.96,one_year,fiber,no,no,credit_card,1,12,0
CUST-0237,23,43.86,931.5,two_year,none,no,yes,bank_transfer,1,3,0
CUST-0238,19,68.67,1314.48,two_year,dsl,no,yes,mailed_check,1,5,0
CUST-0239,23,104.2,2453.84,two_year,fiber,no,no,bank_transfer,0,10,0
CUST-0240,2,61.56,131.49,one_year,fiber,yes,no,mailed_check,1,15,0
CUST-0241,11,73.76,757.52,two_year,fiber,yes,no,electronic_check,1,7,0
CUST-0242,64,96.0,6071.95,two_year,none,yes,yes,credit_card,1,1,0
CUST-0243,55,54.86,3208.43,month-to-month,none,yes,no,electronic_check,1,8,0
CUST-0244,16,101.35,1720.66,month-to-month,fiber,no,no,bank_transfer,0,6,0
CUST-0245,69,115.24,7974.48,one_year,none,yes,no,credit_card,1,8,0
CUST-0246,13,34.62,434.05,month-to-month,dsl,yes,no,bank_transfer,0,7,1
CUST-0247,51,83.36,4574.57,one_year,fiber,no,no,mailed_check,1,2,1
CUST-0248,66,106.89,7544.58,two_year,dsl,no,no,mailed_check,1,0,0
CUST-0249,59,102.48,6039.93,two_year,none,no,yes,mailed_check,0,13,0
CUST-0250,37,29.96,1171.46,one_year,none,yes,no,credit_card,0,1,0
CUST-0251,16,108.21,1662.75,month-to-month,dsl,no,yes,mailed_check,0,4,0
CUST-0252,36,25.18,929.25,month-to-month,none,no,no,electronic_check,1,5,0
CUST-0253,30,27.79,849.32,one_year,none,yes,yes,electronic_check,0,15,0
CUST-0254,57,27.08,1507.46,month-to-month,fiber,no,yes,mailed_check,0,15,0
CUST-0255,14,84.16,1219.98,month-to-month,dsl,no,no,bank_transfer,1,4,1
CUST-0256,2,111.99,229.18,two_year,none,yes,no,credit_card,0,4,0
CUST-0257,28,51.45,1336.83,month-to-month,fiber,yes,yes,mailed_check,1,13,1
CUST-0258,11,94.78,999.95,month-to-month,none,no,yes,credit_card,0,6,1
CUST-0259,31,118.69,3998.71,one_year,dsl,yes,yes,mailed_check,0,0,0
CUST-0260,54,21.38,1088.88,one_year,none,yes,no,electronic_check,0,2,0
CUST-0261,51,47.75,2342.67,two_year,dsl,no,no,mailed_check,0,4,0
CUST-0262,27,93.0,2685.0,month-to-month,none,no,no,electronic_check,1,13,1
CUST-0263,12,21.27,236.72,one_year,fiber,no,yes,credit_card,0,3,1
CUST-0264,64,93.29,5514.48,one_year,none,no,yes,credit_card,0,8,0
CUST-0265,43,71.08,2784.69,one_year,dsl,yes,no,electronic_check,1,14,0
CUST-0266,22,24.4,575.76,one_year,fiber,no,yes,electronic_check,0,0,1
CUST-0267,61,52.18,3129.67,one_year,dsl,yes,yes,electronic_check,1,7,0
CUST-0268,35,100.43,3853.49,month-to-month,none,no,yes,electronic_check,0,7,0
CUST-0269,9,56.89,490.67,one_year,dsl,no,no,electronic_check,1,0,0
CUST-0270,32,113.24,3278.64,one_year,dsl,no,yes,bank_transfer,0,0,0
CUST-0271,2,61.98,135.39,one_year,fiber,no,no,electronic_check,0,7,0
CUST-0272,19,65.85,1313.18,two_year,dsl,yes,yes,bank_transfer,1,11,0
CUST-0273,65,43.68,2703.48,month-to-month,none,no,yes,electronic_check,1,4,0
CUST-0274,51,27.47,1317.67,two_year,none,no,no,mailed_check,1,7,0
CUST-0275,14,32.07,436.25,month-to-month,fiber,yes,no,mailed_check,1,13,0
CUST-0276,58,102.64,6187.53,one_year,dsl,no,yes,electronic_check,0,9,1
CUST-0277,42,46.02,2122.52,month-to-month,fiber,yes,no,mailed_check,0,9,1
CUST-0278,52,32.15,1525.24,one_year,none,yes,yes,mailed_check,0,4,0
CUST-0279,29,22.18,587.19,month-to-month,fiber,no,no,electronic_check,1,2,0
CUST-0280,57,36.8,2128.6,month-to-month,fiber,no,yes,electronic_check,1,1,0
CUST-0281,51,110.83,5397.95,one_year,fiber,no,no,bank_transfer,1,6,0
CUST-0282,20,26.1,499.01,month-to-month,none,yes,no,mailed_check,1,15,1
CUST-0283,26,74.45,1929.77,two_year,none,yes,yes,mailed_check,1,15,0
CUST-0284,65,22.93,1583.06,one_year,dsl,no,yes,electronic_check,1,7,0
CUST-0285,61,46.65,3025.66,two_year,dsl,yes,yes,electronic_check,0,7,0
CUST-0286,8,79.25,672.83,month-to-month,none,no,no,bank_transfer,0,7,0
CUST-0287,4,37.56,136.36,two_year,none,no,yes,bank_transfer,1,9,1
CUST-0288,29,54.08,1467.15,month-to-month,none,no,yes,credit_card,0,4,0
CUST-0289,42,57.36,2622.05,month-to-month,fiber,yes,yes,electronic_check,1,2,0
CUST-0290,13,84.92,1032.03,one_year,dsl,no,yes,bank_transfer,1,15,0
CUST-0291,46,37.77,1564.3,month-to-month,none,yes,no,credit_card,1,4,0
CUST-0292,51,34.06,1822.3,two_year,fiber,yes,no,bank_transfer,0,15,0
CUST-0293,41,40.97,1744.67,month-to-month,none,yes,no,mailed_check,0,8,0
CUST-0294,14,108.46,1516.34,two_year,fiber,yes,no,mailed_check,1,5,0
CUST-0295,70,99.92,6341.7,one_year,fiber,no,yes,bank_transfer,1,2,1
CUST-0296,34,74.7,2742.03,month-to-month,fiber,no,yes,mailed_check,0,2,1
CUST-0297,62,30.13,1758.05,two_year,fiber,no,yes,mailed_check,0,1,0
CUST-0298,71,24.96,1797.6,two_year,none,no,no,credit_card,0,3,0
CUST-0299,20,39.97,723.57,month-to-month,dsl,yes,no,electronic_check,1,15,1
CUST-0300,38,109.49,3965.07,month-to-month,dsl,yes,no,mailed_check,1,15,0
CUST-0301,50,46.33,2300.31,month-to-month,dsl,no,no,bank_transfer,1,1,0
CUST-0302,35,117.07,4170.98,two_year,fiber,yes,yes,electronic_check,1,13,0
CUST-0303,50,59.48,3184.52,two_year,dsl,no,yes,mailed_check,1,2,0
CUST-0304,67,117.22,8338.25,two_year,none,yes,yes,mailed_check,0,5,0
CUST-0305,55,111.08,6615.47,month-to-month,none,no,yes,bank_transfer,1,10,1
CUST-0306,50,31.25,1453.01,two_year,dsl,no,no,mailed_check,0,13,0
CUST-0307,13,58.3,755.71,month-to-month,none,yes,no,credit_card,1,8,0
CUST-0308,5,108.96,526.44,month-to-month,dsl,no,yes,mailed_check,0,12,1
CUST-0309,61,104.28,6816.83,one_year,dsl,yes,no,credit_card,1,8,0
CUST-0310,30,38.79,1096.53,month-to-month,dsl,no,no,credit_card,1,2,0
CUST-0311,63,33.56,2262.83,two_year,dsl,yes,yes,electronic_check,1,12,0
CUST-0312,4,25.06,97.44,month-to-month,fiber,yes,yes,bank_transfer,0,14,1
CUST-0313,48,68.88,3270.6,one_year,none,no,yes,electronic_check,0,11,0
CUST-0314,61,48.51,2891.98,two_year,none,no,no,bank_transfer,1,2,0
CUST-0315,28,106.46,3259.38,month-to-month,none,yes,yes,credit_card,1,0,0
CUST-0316,61,91.27,5800.6,month-to-month,none,yes,yes,bank_transfer,1,9,0
CUST-0317,49,78.45,3465.29,one_year,dsl,no,yes,mailed_check,1,12,0
CUST-0318,48,53.63,2459.16,two_year,none,no,no,electronic_check,1,2,0
CUST-0319,36,100.54,3838.32,one_year,none,no,yes,bank_transfer,0,1,0
CUST-0320,41,60.46,2596.23,two_year,fiber,yes,no,credit_card,1,13,0
CUST-0321,25,104.06,2797.39,one_year,none,yes,no,credit_card,1,5,0
CUST-0322,13,55.53,757.15,one_year,fiber,no,yes,credit_card,0,7,0
CUST-0323,43,106.64,4662.17,one_year,dsl,no,no,electronic_check,1,1,0
CUST-0324,10,107.08,996.01,one_year,fiber,yes,no,credit_card,1,1,0
CUST-0325,44,68.76,3104.73,one_year,none,no,yes,credit_card,0,2,0
CUST-0326,8,98.52,832.26,month-to-month,dsl,no,yes,bank_transfer,0,15,1
CUST-0327,56,23.77,1251.1,two_year,dsl,no,no,mailed_check,1,0,0
CUST-0328,2,89.35,173.14,one_year,none,yes,yes,electronic_check,0,7,1
CUST-0329,50,114.85,5691.88,two_year,none,no,yes,electronic_check,0,9,0
CUST-0330,68,36.49,2683.25,one_year,dsl,yes,no,mailed_check,1,6,0
CUST-0331,3,56.66,175.1,month-to-month,fiber,yes,yes,electronic_check,0,3,1
CUST-0332,33,88.97,2887.14,two_year,none,yes,yes,electronic_check,0,1,0
CUST-0333,71,86.17,6316.89,one_year,dsl,yes,yes,electronic_check,1,13,0
CUST-0334,18,39.86,674.4,one_year,fiber,yes,no,electronic_check,0,15,1
CUST-0335,67,111.04,7719.72,month-to-month,dsl,no,no,bank_transfer,0,15,0
CUST-0336,31,97.95,2778.38,month-to-month,fiber,yes,yes,mailed_check,0,2,0
CUST-0337,33,29.98,924.97,two_year,fiber,no,no,credit_card,1,1,1
CUST-0338,38,20.97,739.23,one_year,none,no,no,electronic_check,0,1,0
CUST-0339,43,31.38,1322.42,one_year,dsl,no,yes,credit_card,1,5,0
CUST-0340,50,118.16,6314.88,two_year,dsl,no,yes,electronic_check,0,1,0
CUST-0341,62,106.26,7088.75,two_year,none,no,yes,mailed_check,1,0,0
CUST-0342,17,46.16,755.57,one_year,dsl,yes,no,mailed_check,0,2,0
CUST-0343,68,68.19,4788.74,two_year,none,yes,no,electronic_check,1,7,0
CUST-0344,20,106.94,1956.94,two_year,none,yes,yes,bank_transfer,1,15,0
CUST-0345,31,27.88,854.63,one_year,dsl,yes,yes,mailed_check,1,7,0
CUST-0346,12,60.34,656.86,one_year,dsl,no,yes,mailed_check,0,3,0
CUST-0347,12,102.53,1308.26,two_year,none,no,yes,mailed_check,1,11,0
CUST-0348,43,95.93,3895.43,two_year,none,no,no,mailed_check,0,3,0
CUST-0349,38,34.04,1349.62,two_year,none,no,yes,electronic_check,0,15,0
CUST-0350,14,65.7,971.57,one_year,none,yes,yes,electronic_check,1,6,0
CUST-0351,14,20.43,299.53,one_year,fiber,yes,no,mailed_check,0,15,0
CUST-0352,56,85.75,4903.96,two_year,dsl,yes,yes,bank_transfer,0,12,0
CUST-0353,50,65.28,3024.67,one_year,none,yes,no,mailed_check,1,9,0
CUST-0354,66,88.66,6344.49,one_year,none,no,yes,bank_transfer,0,9,0
CUST-0355,23,87.42,2169.05,two_year,none,no,yes,credit_card,1,13,0
CUST-0356,55,87.03,4499.36,month-to-month,none,yes,yes,mailed_check,0,1,0
CUST-0357,21,95.36,1815.24,one_year,none,no,yes,electronic_check,1,6,0
CUST-0358,14,112.65,1541.63,two_year,none,yes,no,bank_transfer,1,1,0
CUST-0359,41,111.15,4743.66,two_year,fiber,yes,no,bank_transfer,1,7,0
CUST-0360,70,118.35,7579.44,two_year,none,yes,yes,credit_card,1,5,0
CUST-0361,66,36.09,2546.78,month-to-month,dsl,yes,no,credit_card,1,4,1
CUST-0362,60,69.06,4203.83,two_year,fiber,yes,yes,credit_card,0,9,0
CUST-0363,41,29.19,1130.06,two_year,fiber,yes,yes,bank_transfer,1,12,1
CUST-0364,43,86.89,3695.67,one_year,dsl,no,yes,mailed_check,0,3,0
CUST-0365,32,74.02,2265.76,month-to-month,none,no,no,electronic_check,1,8,0
CUST-0366,48,52.03,2288.83,two_year,none,no,no,electronic_check,1,6,1
CUST-0367,69,40.56,2982.65,two_year,fiber,yes,yes,bank_transfer,1,3,0
CUST-0368,56,28.75,1466.47,two_year,fiber,yes,yes,mailed_check,1,1,0
CUST-0369,72,83.02,5897.37,month-to-month,none,yes,no,mailed_check,1,14,1
CUST-0370,16,48.98,812.81,two_year,fiber,yes,yes,electronic_check,1,3,0
CUST-0371,37,33.64,1217.54,one_year,dsl,no,yes,mailed_check,0,7,0
CUST-0372,70,32.32,2038.44,one_year,none,yes,no,credit_card,0,4,0
CUST-0373,69,110.56,8164.87,two_year,fiber,no,yes,credit_card,0,13,1
CUST-0374,24,105.14,2741.56,month-to-month,none,no,yes,electronic_check,0,1,0
CUST-0375,60,39.74,2422.83,two_year,none,yes,no,electronic_check,1,3,0
CUST-0376,46,51.78,2358.37,month-to-month,none,yes,yes,credit_card,0,6,0
CUST-0377,40,20.48,777.61,two_year,none,yes,no,credit_card,1,5,0
CUST-0378,56,55.87,3007.0,one_year,dsl,yes,no,mailed_check,1,14,0
CUST-0379,23,93.35,2201.42,two_year,none,yes,no,bank_transfer,0,8,0
CUST-0380,3,74.35,245.3,two_year,none,yes,no,bank_transfer,0,8,0
CUST-0381,20,59.68,1194.12,one_year,dsl,yes,no,bank_transfer,1,2,0
CUST-0382,22,113.92,2275.88,two_year,fiber,no,yes,bank_transfer,0,15,0
CUST-0383,30,58.81,1911.76,month-to-month,dsl,no,yes,electronic_check,0,11,0
CUST-0384,6,85.37,498.42,two_year,dsl,yes,no,credit_card,0,12,0
CUST-0385,10,68.69,684.44,two_year,dsl,no,yes,mailed_check,1,11,0
CUST-0386,65,35.02,2120.31,month-to-month,dsl,yes,yes,electronic_check,1,6,0
CUST-0387,16,67.9,1106.13,two_year,fiber,no,no,electronic_check,1,15,0
CUST-0388,53,109.08,5372.93,month-to-month,fiber,yes,yes,bank_transfer,0,1,1
CUST-0389,24,80.65,1924.53,two_year,dsl,yes,no,electronic_check,0,14,0
CUST-0390,29,112.24,3317.8,one_year,none,yes,yes,credit_card,0,10,1
CUST-0391,49,80.55,3692.31,one_year,fiber,yes,yes,bank_transfer,1,4,0
CUST-0392,5,109.7,578.65,two_year,none,yes,yes,mailed_check,0,0,0
CUST-0393,67,55.05,3913.06,one_year,dsl,yes,no,bank_transfer,1,12,0
CUST-0394,13,79.83,1046.87,one_year,fiber,no,no,bank_transfer,0,9,1
CUST-0395,1,88.78,85.51,two_year,none,yes,yes,electronic_check,1,6,0
CUST-0396,20,119.18,2334.71,one_year,none,no,no,mailed_check,1,8,0
CUST-0397,71,77.77,5824.47,two_year,dsl,yes,no,mailed_check,1,9,0
CUST-0398,18,70.83,1347.89,two_year,fiber,yes,no,bank_transfer,0,6,0
CUST-0399,7,28.81,192.11,month-to-month,dsl,yes,yes,bank_transfer,1,13,1
CUST-0400,5,63.9,300.44,two_year,dsl,no,no,electronic_check,0,15,0
CUST-0401,67,43.93,2649.15,one_year,fiber,yes,yes,bank_transfer,0,11,0
CUST-0402,36,111.92,4069.08,one_year,dsl,no,no,bank_transfer,0,2,0
CUST-0403,72,112.97,8255.7,two_year,dsl,no,no,bank_transfer,0,14,0
CUST-0404,53,107.61,6060.53,two_year,fiber,yes,no,credit_card,0,8,0
CUST-0405,57,109.65,6702.58,one_year,none,no,yes,credit_card,1,14,0
CUST-0406,34,71.65,2197.23,month-to-month,dsl,yes,yes,credit_card,1,11,0
CUST-0407,32,51.39,1551.92,one_year,fiber,no,no,electronic_check,0,15,0
CUST-0408,24,107.27,2423.5,two_year,none,yes,no,bank_transfer,0,7,0
CUST-0409,32,81.38,2741.79,two_year,dsl,yes,yes,electronic_check,0,15,0
CUST-0410,6,118.44,769.77,one_year,dsl,no,no,credit_card,1,5,0
CUST-0411,29,59.37,1785.89,two_year,fiber,yes,no,mailed_check,0,11,1
CUST-0412,16,57.94,853.02,two_year,none,no,no,electronic_check,0,6,0
CUST-0413,34,56.59,1923.59,month-to-month,none,no,yes,credit_card,1,10,1
CUST-0414,48,101.42,5083.15,one_year,dsl,no,no,bank_transfer,0,7,0
CUST-0415,72,37.66,2711.3,one_year,dsl,yes,yes,bank_transfer,1,0,0
CUST-0416,67,59.84,4162.07,two_year,none,no,no,credit_card,1,1,0
CUST-0417,33,56.03,1870.25,one_year,none,yes,no,credit_card,1,11,0
CUST-0418,45,55.51,2584.48,month-to-month,dsl,yes,no,bank_transfer,0,9,0
CUST-0419,58,62.18,3687.45,month-to-month,dsl,no,no,bank_transfer,0,10,0
CUST-0420,10,91.04,929.59,month-to-month,fiber,no,yes,credit_card,1,9,1
CUST-0421,57,32.5,1754.18,one_year,none,no,no,bank_transfer,0,0,0
CUST-0422,11,74.84,745.26,month-to-month,fiber,no,yes,electronic_check,0,15,1
CUST-0423,11,44.74,470.9,month-to-month,dsl,yes,yes,mailed_check,1,7,0
CUST-0424,17,66.72,1218.38,two_year,fiber,yes,yes,credit_card,1,15,0
CUST-0425,71,68.17,4575.93,one_year,fiber,yes,no,mailed_check,1,11,1
CUST-0426,40,72.33,3042.66,one_year,dsl,no,yes,credit_card,0,0,0
CUST-0427,37,96.59,3786.81,one_year,none,yes,no,mailed_check,1,0,0
CUST-0428,1,36.33,38.05,two_year,dsl,yes,no,mailed_check,1,7,0
CUST-0429,49,84.85,4184.21,month-to-month,dsl,yes,no,bank_transfer,1,9,1
CUST-0430,25,47.21,1209.23,month-to-month,fiber,yes,no,electronic_check,1,14,1
CUST-0431,3,32.5,96.3,month-to-month,fiber,yes,yes,electronic_check,1,8,1
CUST-0432,12,98.57,1182.46,month-to-month,fiber,no,yes,credit_card,1,9,1
CUST-0433,5,74.32,347.94,one_year,fiber,yes,yes,credit_card,1,2,0
CUST-0434,33,93.76,2805.41,one_year,fiber,yes,yes,mailed_check,1,7,0
CUST-0435,13,35.86,487.46,two_year,none,yes,no,mailed_check,1,10,0
CUST-0436,71,108.75,8282.83,two_year,fiber,no,no,credit_card,0,11,1
CUST-0437,15,78.47,1152.52,month-to-month,none,no,no,electronic_check,0,8,1
CUST-0438,6,35.77,197.08,two_year,none,no,yes,credit_card,0,7,0
CUST-0439,8,51.67,418.18,month-to-month,dsl,yes,yes,bank_transfer,1,7,0
CUST-0440,45,45.07,1841.35,one_year,none,yes,yes,mailed_check,1,4,0
CUST-0441,72,93.24,6411.62,one_year,none,no,yes,bank_transfer,1,10,0
CUST-0442,71,65.41,4900.39,month-to-month,fiber,yes,no,credit_card,1,11,0
CUST-0443,24,38.99,970.05,month-to-month,none,no,yes,credit_card,0,12,0
CUST-0444,20,72.32,1321.05,two_year,dsl,no,no,credit_card,0,3,0
CUST-0445,17,23.18,405.23,month-to-month,fiber,yes,yes,mailed_check,0,3,0
CUST-0446,63,21.31,1455.58,two_year,none,no,yes,credit_card,0,2,0
CUST-0447,11,102.36,1073.22,one_year,none,yes,no,mailed_check,1,1,1
CUST-0448,10,38.95,391.54,one_year,fiber,yes,yes,electronic_check,0,12,1
CUST-0449,23,108.28,2324.48,two_year,none,no,yes,credit_card,1,13,1
CUST-0450,52,104.49,5338.22,two_year,dsl,yes,no,credit_card,1,10,0
CUST-0451,42,64.75,2663.53,two_year,fiber,yes,no,credit_card,1,14,0
CUST-0452,37,41.48,1477.94,two_year,fiber,yes,no,electronic_check,1,7,0
CUST-0453,36,35.61,1221.7,two_year,none,yes,yes,electronic_check,1,11,0
CUST-0454,32,92.36,3128.66,month-to-month,dsl,no,yes,mailed_check,0,2,1
CUST-0455,13,112.19,1410.16,two_year,none,no,yes,mailed_check,0,1,0
CUST-0456,56,72.44,3910.05,one_year,fiber,yes,yes,mailed_check,0,9,0
CUST-0457,42,95.28,4061.99,two_year,none,yes,yes,electronic_check,1,14,1
CUST-0458,56,77.14,3930.46,one_year,dsl,yes,yes,credit_card,0,15,0
CUST-0459,11,68.79,779.73,one_year,none,no,yes,bank_transfer,1,6,1
CUST-0460,68,31.25,2088.27,month-to-month,fiber,yes,no,mailed_check,1,2,0
CUST-0461,25,82.32,2033.49,one_year,dsl,yes,no,bank_transfer,1,14,0
CUST-0462,30,44.3,1361.16,month-to-month,none,no,yes,electronic_check,0,1,1
CUST-0463,37,53.19,2062.5,month-to-month,dsl,yes,no,mailed_check,1,0,1
CUST-0464,70,45.55,2907.98,two_year,dsl,no,yes,electronic_check,1,1,0
CUST-0465,35,106.43,3366.76,month-to-month,dsl,yes,yes,mailed_check,1,11,0
CUST-0466,50,39.89,2180.7,month-to-month,dsl,yes,no,mailed_check,0,5,0
CUST-0467,3,21.84,67.94,month-to-month,fiber,no,no,mailed_check,1,5,1
CUST-0468,39,114.41,4862.78,month-to-month,none,no,yes,credit_card,1,0,1
CUST-0469,44,44.04,1803.18,one_year,none,yes,yes,mailed_check,0,13,0
CUST-0470,43,50.9,2278.5,one_year,none,yes,yes,bank_transfer,0,4,0
CUST-0471,18,51.76,1002.42,one_year,fiber,yes,no,electronic_check,0,5,0
CUST-0472,41,30.68,1178.57,one_year,dsl,no,no,credit_card,0,6,0
CUST-0473,35,27.95,1033.0,two_year,none,yes,yes,bank_transfer,0,11,1
CUST-0474,61,33.75,1932.45,two_year,none,no,yes,mailed_check,1,15,1
CUST-0475,2,112.71,247.31,one_year,dsl,yes,yes,bank_transfer,0,5,0
CUST-0476,63,80.79,5419.92,two_year,dsl,no,yes,mailed_check,1,1,0
CUST-0477,51,107.78,5217.24,two_year,none,yes,yes,mailed_check,1,1,0
CUST-0478,6,108.44,686.25,two_year,dsl,yes,yes,credit_card,1,12,1
CUST-0479,22,92.26,1872.69,one_year,dsl,yes,yes,mailed_check,1,2,0
CUST-0480,70,65.37,4938.88,month-to-month,dsl,no,no,mailed_check,0,5,0
CUST-0481,59,90.62,5489.95,month-to-month,dsl,no,yes,electronic_check,0,3,1
CUST-0482,50,111.23,5634.35,two_year,none,yes,no,mailed_check,0,5,0
CUST-0483,20,93.02,2031.92,month-to-month,fiber,yes,yes,mailed_check,1,9,1
CUST-0484,24,69.76,1673.79,month-to-month,fiber,yes,yes,credit_card,0,14,0
CUST-0485,64,80.12,4621.65,month-to-month,fiber,no,no,mailed_check,1,2,0
CUST-0486,36,85.33,2787.25,two_year,none,yes,yes,bank_transfer,0,1,0
CUST-0487,39,87.21,3476.76,one_year,fiber,yes,yes,mailed_check,0,5,0
CUST-0488,72,56.86,3994.8,month-to-month,dsl,no,yes,electronic_check,1,10,1
CUST-0489,55,52.92,2860.4,two_year,fiber,no,no,bank_transfer,0,8,0
CUST-0490,27,80.88,2103.61,two_year,fiber,yes,yes,mailed_check,1,13,0
CUST-0491,46,90.86,4580.18,month-to-month,none,no,no,mailed_check,0,7,1
CUST-0492,4,53.38,216.1,one_year,none,yes,yes,mailed_check,1,1,0
CUST-0493,2,70.67,136.36,two_year,fiber,no,no,electronic_check,1,9,1
CUST-0494,43,112.23,4805.73,one_year,dsl,yes,yes,bank_transfer,1,10,0
CUST-0495,5,98.4,483.53,two_year,fiber,no,yes,mailed_check,1,14,0
CUST-0496,67,26.62,1658.44,one_year,none,no,yes,bank_transfer,1,11,0
CUST-0497,44,90.53,3835.54,one_year,none,yes,no,bank_transfer,0,9,1
CUST-0498,53,72.51,3593.24,month-to-month,dsl,yes,no,mailed_check,1,6,0
CUST-0499,5,54.01,269.16,month-to-month,fiber,no,yes,mailed_check,0,6,0
CUST-0500,40,58.76,2521.89,one_year,fiber,yes,yes,bank_transfer,0,14,1
CUST-0501,40,72.06,2974.05,month-to-month,none,yes,no,mailed_check,0,3,0
CUST-0502,40,73.23,3089.01,two_year,fiber,no,yes,bank_transfer,1,8,0
CUST-0503,35,74.25,2624.41,month-to-month,fiber,no,yes,electronic_check,0,6,1
CUST-0504,37,25.07,840.21,two_year,fiber,yes,yes,credit_card,1,14,0
CUST-0505,7,90.47,682.85,month-to-month,dsl,yes,yes,mailed_check,1,5,0
CUST-0506,58,76.78,4090.67,two_year,dsl,no,no,bank_transfer,0,14,0
CUST-0507,60,34.37,2225.4,month-to-month,dsl,no,no,mailed_check,0,7,0
CUST-0508,47,26.54,1150.8,one_year,fiber,no,no,mailed_check,1,0,0
CUST-0509,22,75.61,1520.67,one_year,dsl,yes,yes,mailed_check,0,10,0
CUST-0510,60,58.38,3391.21,one_year,none,no,yes,bank_transfer,0,15,0
CUST-0511,56,31.43,1793.9,one_year,none,no,yes,bank_transfer,0,15,0
CUST-0512,13,52.74,705.5,one_year,fiber,no,no,electronic_check,0,12,1
CUST-0513,28,59.0,1677.75,month-to-month,none,yes,yes,bank_transfer,1,9,1
CUST-0514,41,81.15,3334.09,one_year,none,no,no,credit_card,0,0,0
CUST-0515,38,106.57,3835.22,month-to-month,dsl,yes,yes,credit_card,0,9,0
CUST-0516,51,86.25,4376.64,two_year,dsl,no,no,mailed_check,1,6,0
CUST-0517,50,27.17,1226.92,one_year,dsl,yes,no,bank_transfer,0,0,0
CUST-0518,63,109.36,7158.92,two_year,dsl,yes,yes,bank_transfer,1,14,0
CUST-0519,24,38.58,945.29,one_year,none,no,no,mailed_check,1,7,0
CUST-0520,31,76.81,2478.68,two_year,none,no,no,credit_card,0,1,1
CUST-0521,62,44.52,2832.37,two_year,fiber,yes,no,mailed_check,0,2,0
CUST-0522,10,65.4,707.11,two_year,none,no,yes,credit_card,0,15,0
CUST-0523,43,92.7,4036.89,one_year,dsl,no,no,bank_transfer,0,9,1
CUST-0524,61,28.25,1725.18,two_year,fiber,yes,no,electronic_check,1,15,0
CUST-0525,36,80.38,3131.04,one_year,fiber,no,no,credit_card,0,3,0
CUST-0526,58,54.28,2886.56,one_year,fiber,no,yes,mailed_check,0,1,0
CUST-0527,20,77.78,1661.95,one_year,dsl,no,yes,mailed_check,0,6,1
CUST-0528,34,67.63,2505.56,month-to-month,fiber,yes,no,mailed_check,1,9,0
CUST-0529,30,21.19,690.02,one_year,none,no,no,credit_card,0,13,0
CUST-0530,41,53.5,2091.32,two_year,none,yes,yes,credit_card,1,8,1
CUST-0531,51,74.76,3944.53,one_year,none,yes,yes,credit_card,0,10,0
CUST-0532,2,45.19,81.96,one_year,fiber,yes,no,credit_card,0,9,0
CUST-0533,8,57.6,485.12,two_year,none,yes,yes,electronic_check,0,4,0
CUST-0534,24,83.88,2183.31,month-to-month,none,yes,no,credit_card,1,2,0
CUST-0535,55,97.71,5248.08,two_year,none,no,no,bank_transfer,0,8,0
CUST-0536,8,81.03,606.55,one_year,dsl,yes,no,electronic_check,1,6,0
CUST-0537,19,23.49,407.96,two_year,dsl,yes,yes,mailed_check,1,3,0
CUST-0538,58,35.16,1969.88,month-to-month,dsl,yes,yes,electronic_check,1,8,0
CUST-0539,1,74.01,66.66,two_year,none,no,no,mailed_check,1,2,0
CUST-0540,62,83.23,5633.79,month-to-month,none,no,no,credit_card,1,1,1
CUST-0541,69,116.75,8314.72,one_year,fiber,no,no,bank_transfer,0,1,0
CUST-0542,50,33.99,1595.18,month-to-month,none,no,no,electronic_check,1,6,0
CUST-0543,31,23.7,669.47,one_year,dsl,yes,no,mailed_check,1,0,0
CUST-0544,6,23.69,131.95,one_year,fiber,yes,no,bank_transfer,0,2,0
CUST-0545,61,110.47,7170.94,two_year,fiber,yes,yes,electronic_check,0,1,1
CUST-0546,22,100.45,2177.29,two_year,fiber,yes,yes,mailed_check,0,2,0
CUST-0547,52,53.55,2573.39,one_year,fiber,yes,no,bank_transfer,0,5,0
CUST-0548,54,33.34,1905.16,month-to-month,none,no,yes,mailed_check,0,1,0
CUST-0549,49,112.61,5746.05,month-to-month,fiber,no,yes,electronic_check,0,5,0
CUST-0550,37,72.31,2628.4,one_year,none,no,yes,bank_transfer,0,8,0
CUST-0551,5,20.46,96.89,two_year,fiber,no,yes,credit_card,1,13,1
CUST-0552,68,25.31,1587.76,month-to-month,none,no,yes,mailed_check,0,8,1
CUST-0553,61,40.96,2374.32,one_year,fiber,yes,yes,electronic_check,1,9,0
CUST-0554,59,71.49,3855.89,month-to-month,fiber,yes,yes,bank_transfer,0,15,1
CUST-0555,57,97.9,5386.25,two_year,none,no,no,bank_transfer,1,7,0
CUST-0556,53,109.05,5369.23,month-to-month,dsl,yes,yes,mailed_check,1,1,0
CUST-0557,59,117.56,6522.94,month-to-month,dsl,no,yes,mailed_check,0,11,1
CUST-0558,8,96.03,725.2,one_year,fiber,yes,no,mailed_check,1,5,0
CUST-0559,21,106.22,2104.12,two_year,none,yes,yes,electronic_check,1,15,0
CUST-0560,60,77.95,5043.51,one_year,fiber,no,yes,bank_transfer,1,13,0
CUST-0561,20,62.57,1224.95,two_year,fiber,no,yes,electronic_check,1,1,0
CUST-0562,13,33.27,414.85,one_year,dsl,yes,yes,electronic_check,1,6,0
CUST-0563,12,66.38,738.99,month-to-month,dsl,no,yes,mailed_check,0,14,0
CUST-0564,24,73.09,1682.8,one_year,none,no,yes,electronic_check,1,10,0
CUST-0565,70,31.1,2118.48,two_year,fiber,yes,no,electronic_check,1,1,0
CUST-0566,47,73.96,3579.74,one_year,fiber,yes,yes,bank_transfer,1,7,0
CUST-0567,27,25.45,669.67,two_year,fiber,no,no,credit_card,1,8,0
CUST-0568,65,38.84,2718.48,two_year,fiber,no,no,mailed_check,1,2,1
CUST-0569,51,89.71,4571.85,month-to-month,dsl,yes,yes,bank_transfer,1,3,0
CUST-0570,67,62.01,4352.19,two_year,fiber,no,no,bank_transfer,1,11,1
CUST-0571,25,68.61,1772.15,month-to-month,fiber,yes,no,mailed_check,1,10,0
CUST-0572,71,42.68,2952.65,one_year,dsl,no,yes,credit_card,0,8,0
CUST-0573,7,38.23,250.23,month-to-month,dsl,no,no,bank_transfer,0,9,0
CUST-0574,20,46.04,862.7,month-to-month,fiber,yes,yes,credit_card,0,14,0
CUST-0575,5,73.36,339.03,two_year,dsl,no,yes,credit_card,1,5,1
CUST-0576,64,67.39,4131.67,month-to-month,dsl,no,yes,electronic_check,1,9,0
CUST-0577,19,33.94,651.43,two_year,none,no,no,electronic_check,1,1,0
CUST-0578,52,80.82,3946.4,two_year,fiber,no,no,electronic_check,1,1,0
CUST-0579,36,69.05,2537.09,month-to-month,fiber,yes,no,electronic_check,1,6,0
CUST-0580,8,57.28,438.5,two_year,dsl,no,yes,mailed_check,1,12,0
CUST-0581,58,36.38,2206.26,two_year,fiber,yes,no,mailed_check,1,9,0
CUST-0582,54,118.84,6449.83,month-to-month,none,yes,yes,bank_transfer,1,15,0
CUST-0583,49,91.02,4687.66,month-to-month,fiber,no,no,mailed_check,0,14,1
CUST-0584,24,75.93,1809.0,one_year,dsl,no,yes,credit_card,1,15,1
CUST-0585,1,37.94,41.03,month-to-month,dsl,no,no,electronic_check,1,13,0
CUST-0586,4,106.83,438.26,month-to-month,dsl,no,yes,credit_card,1,13,0
CUST-0587,16,51.97,894.44,one_year,none,yes,no,bank_transfer,0,4,0
CUST-0588,21,49.17,1061.26,month-to-month,dsl,no,no,credit_card,0,9,1
CUST-0589,25,47.15,1225.42,two_year,fiber,yes,yes,credit_card,1,9,0
CUST-0590,69,97.88,6634.85,two_year,dsl,yes,yes,bank_transfer,1,11,0
CUST-0591,21,66.05,1269.54,month-to-month,fiber,yes,yes,bank_transfer,0,13,0
CUST-0592,3,37.22,107.3,one_year,dsl,no,no,bank_transfer,1,10,0
CUST-0593,16,33.02,483.79,month-to-month,fiber,yes,yes,credit_card,0,6,0
CUST-0594,15,23.28,360.36,month-to-month,fiber,no,no,electronic_check,0,3,0
CUST-0595,61,98.24,6496.14,month-to-month,dsl,yes,yes,credit_card,0,3,0
CUST-0596,26,114.88,2895.98,month-to-month,none,no,yes,electronic_check,0,8,1
CUST-0597,65,91.58,6505.42,two_year,none,yes,yes,electronic_check,0,6,0
CUST-0598,69,63.97,4818.02,month-to-month,none,yes,yes,mailed_check,1,5,0
CUST-0599,46,32.36,1372.55,one_year,dsl,yes,yes,mailed_check,0,10,1
CUST-0600,47,58.48,2724.89,two_year,dsl,yes,yes,credit_card,1,3,0
CUST-0601,57,109.48,6617.82,month-to-month,none,no,no,mailed_check,0,2,0
CUST-0602,48,31.92,1499.93,month-to-month,fiber,no,yes,mailed_check,1,2,0
CUST-0603,14,79.5,1222.22,two_year,fiber,yes,no,bank_transfer,1,6,0
CUST-0604,55,86.67,5196.0,two_year,dsl,no,no,mailed_check,1,15,0
CUST-0605,66,69.73,4720.34,one_year,fiber,no,yes,electronic_check,1,15,1
CUST-0606,13,80.46,1009.78,two_year,fiber,yes,no,electronic_check,0,12,0
CUST-0607,13,69.03,854.61,month-to-month,none,no,no,bank_transfer,1,15,1
CUST-0608,70,51.46,3513.11,two_year,fiber,yes,no,electronic_check,1,14,0
CUST-0609,5,51.25,250.57,month-to-month,none,no,yes,mailed_check,1,4,0
CUST-0610,63,46.34,2972.58,two_year,none,no,no,bank_transfer,0,12,0
CUST-0611,46,54.89,2647.18,one_year,dsl,yes,yes,electronic_check,0,11,1
CUST-0612,44,25.64,1070.45,one_year,fiber,no,no,credit_card,1,11,1
CUST-0613,40,21.97,848.24,two_year,fiber,yes,no,electronic_check,1,5,0
CUST-0614,55,118.58,6362.42,two_year,none,no,no,electronic_check,1,0,0
CUST-0615,13,81.48,1030.29,one_year,fiber,yes,no,mailed_check,1,5,0
CUST-0616,64,119.62,7505.67,two_year,fiber,yes,no,credit_card,0,9,0
CUST-0617,12,62.71,729.54,two_year,none,yes,no,credit_card,0,15,1
CUST-0618,39,45.13,1765.48,two_year,dsl,no,no,bank_transfer,1,12,0
CUST-0619,71,113.72,8126.96,month-to-month,fiber,yes,no,bank_transfer,1,8,0
CUST-0620,56,44.04,2587.79,two_year,none,yes,yes,credit_card,1,4,0
CUST-0621,56,84.6,4506.83,one_year,dsl,yes,yes,mailed_check,1,9,0
CUST-0622,52,66.42,3495.17,month-to-month,fiber,yes,yes,electronic_check,0,9,0
CUST-0623,5,85.87,401.53,month-to-month,fiber,no,yes,electronic_check,1,8,0
CUST-0624,63,109.68,7147.09,month-to-month,fiber,yes,no,credit_card,0,13,0
CUST-0625,51,108.46,5241.7,two_year,fiber,yes,yes,electronic_check,1,15,1
CUST-0626,41,30.68,1185.96,one_year,none,no,yes,mailed_check,0,4,0
CUST-0627,53,74.57,3932.33,one_year,none,yes,no,credit_card,0,10,0
CUST-0628,36,104.15,3871.05,month-to-month,dsl,no,no,credit_card,0,1,0
CUST-0629,31,105.76,3205.43,one_year,none,no,no,credit_card,0,7,0
CUST-0630,51,111.59,5840.6,one_year,dsl,yes,yes,credit_card,0,5,0
CUST-0631,53,91.74,5228.6,month-to-month,dsl,yes,no,mailed_check,1,10,0
CUST-0632,21,89.52,1978.42,two_year,dsl,yes,no,mailed_check,1,14,0
CUST-0633,24,51.37,1129.87,two_year,dsl,yes,yes,mailed_check,0,9,1
CUST-0634,67,107.35,6665.26,two_year,none,yes,no,credit_card,1,15,0
CUST-0635,42,107.64,4923.02,one_year,fiber,yes,no,credit_card,0,12,0
CUST-0636,29,90.13,2440.61,month-to-month,fiber,yes,yes,mailed_check,0,8,0
CUST-0637,55,21.41,1183.64,two_year,dsl,yes,yes,credit_card,0,3,0
CUST-0638,59,48.8,2875.84,two_year,dsl,yes,yes,bank_transfer,0,8,0
CUST-0639,27,99.25,2427.2,two_year,fiber,no,yes,mailed_check,0,13,0
CUST-0640,31,66.89,2227.63,two_year,dsl,yes,no,mailed_check,0,0,0
CUST-0641,51,75.7,3514.87,two_year,fiber,no,no,credit_card,0,3,0
CUST-0642,61,117.75,7428.78,one_year,none,yes,yes,credit_card,1,9,0
CUST-0643,72,107.79,7189.55,month-to-month,none,yes,no,bank_transfer,1,10,0
CUST-0644,68,69.92,5204.69,one_year,fiber,no,yes,credit_card,0,4,0
CUST-0645,47,51.55,2662.5,one_year,dsl,no,no,credit_card,1,5,0
CUST-0646,20,42.99,779.99,two_year,none,no,yes,bank_transfer,0,1,0
CUST-0647,60,65.78,3640.92,one_year,fiber,no,yes,mailed_check,1,15,0
CUST-0648,19,94.99,1921.25,month-to-month,dsl,yes,yes,credit_card,0,5,0
CUST-0649,28,87.69,2645.54,two_year,fiber,yes,no,electronic_check,0,15,1
CUST-0650,16,66.02,1100.2,one_year,dsl,yes,no,bank_transfer,0,2,0
CUST-0651,35,114.74,4417.35,two_year,none,yes,no,electronic_check,1,10,0
CUST-0652,17,29.26,473.06,month-to-month,fiber,no,no,electronic_check,0,12,1
CUST-0653,52,84.72,4805.83,month-to-month,fiber,yes,yes,mailed_check,1,9,1
CUST-0654,39,71.27,2773.76,one_year,dsl,no,yes,credit_card,0,11,0
CUST-0655,61,63.41,3810.78,one_year,none,no,yes,mailed_check,1,5,0
CUST-0656,44,66.82,2692.63,one_year,none,yes,yes,mailed_check,0,9,0
CUST-0657,39,75.1,3173.35,month-to-month,fiber,no,yes,mailed_check,1,1,0
CUST-0658,66,78.56,5463.54,one_year,dsl,yes,no,credit_card,1,8,1
CUST-0659,60,51.39,3221.59,month-to-month,fiber,no,yes,electronic_check,1,9,0
CUST-0660,58,94.7,5606.9,two_year,dsl,no,yes,bank_transfer,0,2,0
CUST-0661,14,37.17,518.0,one_year,none,yes,yes,mailed_check,0,0,0
CUST-0662,63,33.51,1980.58,one_year,none,no,no,credit_card,0,4,0
CUST-0663,25,28.61,753.83,month-to-month,fiber,no,yes,bank_transfer,1,6,1
CUST-0664,55,21.96,1195.61,month-to-month,fiber,yes,yes,mailed_check,1,15,1
CUST-0665,38,117.95,4794.61,two_year,dsl,yes,no,electronic_check,0,13,0
CUST-0666,71,91.43,6528.28,one_year,fiber,no,no,mailed_check,1,7,0
CUST-0667,41,82.27,3471.68,two_year,fiber,no,no,mailed_check,0,15,0
CUST-0668,56,43.21,2284.11,month-to-month,fiber,no,yes,mailed_check,1,14,0
CUST-0669,44,103.31,4703.02,two_year,none,no,yes,credit_card,1,13,0
CUST-0670,61,37.33,2120.61,month-to-month,none,yes,no,electronic_check,1,4,0
CUST-0671,54,108.09,5669.98,one_year,dsl,yes,yes,electronic_check,0,11,1
CUST-0672,65,76.2,4939.49,month-to-month,fiber,no,no,electronic_check,0,3,0
CUST-0673,46,99.9,5020.61,month-to-month,none,no,yes,electronic_check,0,14,0
CUST-0674,14,107.09,1622.49,two_year,none,yes,yes,electronic_check,0,3,1
CUST-0675,38,101.92,3580.93,two_year,dsl,no,yes,bank_transfer,1,10,1
CUST-0676,54,46.6,2624.71,month-to-month,fiber,no,no,credit_card,0,2,0
CUST-0677,32,111.8,3862.42,month-to-month,none,no,yes,bank_transfer,1,13,0
CUST-0678,67,28.48,1837.48,two_year,dsl,yes,no,bank_transfer,0,2,0
CUST-0679,22,61.93,1467.58,one_year,fiber,no,yes,bank_transfer,0,9,0
CUST-0680,39,90.03,3473.38,two_year,none,no,no,electronic_check,1,4,0
CUST-0681,70,28.43,2005.0,two_year,none,no,no,mailed_check,0,9,0
CUST-0682,17,95.7,1516.28,two_year,none,no,yes,electronic_check,1,10,1
CUST-0683,70,104.16,6940.87,two_year,dsl,yes,no,mailed_check,0,1,0
CUST-0684,16,53.9,816.88,month-to-month,none,yes,no,credit_card,0,14,0
CUST-0685,69,71.97,4715.28,two_year,fiber,no,no,credit_card,0,12,0
CUST-0686,25,29.22,719.53,one_year,dsl,yes,yes,mailed_check,1,2,0
CUST-0687,28,83.65,2574.79,one_year,fiber,no,no,mailed_check,1,15,0
CUST-0688,63,32.94,2160.11,two_year,dsl,yes,yes,bank_transfer,1,14,0
CUST-0689,16,112.17,1657.88,two_year,fiber,no,no,electronic_check,0,11,0
CUST-0690,15,50.49,738.33,month-to-month,dsl,no,yes,bank_transfer,0,11,1
CUST-0691,4,38.31,160.59,month-to-month,fiber,no,yes,credit_card,1,6,1
CUST-0692,71,110.03,8251.72,one_year,fiber,yes,no,mailed_check,1,14,0
CUST-0693,17,28.93,504.08,month-to-month,none,no,no,mailed_check,0,10,0
CUST-0694,50,106.6,5550.88,month-to-month,dsl,no,yes,mailed_check,1,2,0
CUST-0695,40,95.06,3804.41,two_year,none,yes,yes,bank_transfer,0,6,1
CUST-0696,69,100.69,7096.09,month-to-month,fiber,no,yes,bank_transfer,1,2,0
CUST-0697,6,105.96,612.54,one_year,fiber,no,no,bank_transfer,1,0,1
CUST-0698,15,96.83,1352.01,month-to-month,none,yes,no,bank_transfer,0,8,0
CUST-0699,22,58.99,1251.07,month-to-month,none,no,yes,electronic_check,0,9,1
CUST-0700,42,69.3,3057.52,one_year,dsl,yes,yes,bank_transfer,0,7,0
CUST-0701,15,22.89,352.52,one_year,fiber,no,no,mailed_check,0,15,0
CUST-0702,3,64.6,207.22,one_year,none,yes,yes,bank_transfer,1,13,0
CUST-0703,19,20.1,379.2,one_year,none,yes,yes,mailed_check,1,1,0
CUST-0704,38,103.95,3855.42,two_year,fiber,yes,yes,mailed_check,1,8,0
CUST-0705,28,28.97,843.35,two_year,none,no,yes,bank_transfer,0,9,0
CUST-0706,72,47.3,3516.13,one_year,dsl,yes,no,credit_card,1,14,0
CUST-0707,27,20.43,497.51,one_year,none,no,yes,bank_transfer,0,15,1
CUST-0708,72,109.26,8363.99,two_year,none,no,no,electronic_check,0,0,0
CUST-0709,16,66.27,1152.83,one_year,dsl,no,no,bank_transfer,0,3,0
CUST-0710,29,100.84,2761.27,two_year,fiber,no,no,bank_transfer,0,9,0
CUST-0711,47,31.09,1396.16,month-to-month,dsl,no,yes,electronic_check,0,12,0
CUST-0712,22,45.96,1025.26,two_year,fiber,yes,yes,bank_transfer,0,4,0
CUST-0713,67,113.79,7838.87,two_year,dsl,yes,yes,credit_card,1,0,0
CUST-0714,7,56.15,413.41,one_year,dsl,no,no,electronic_check,1,15,0
CUST-0715,29,39.46,1048.63,month-to-month,dsl,no,no,credit_card,0,12,0
CUST-0716,4,52.92,193.17,two_year,fiber,no,yes,bank_transfer,0,5,0
CUST-0717,4,67.36,294.16,one_year,dsl,yes,no,credit_card,0,3,0
CUST-0718,43,28.55,1119.79,two_year,fiber,yes,no,electronic_check,1,3,1
CUST-0719,41,81.07,3278.56,two_year,fiber,yes,yes,mailed_check,0,9,1
CUST-0720,8,43.31,353.38,two_year,fiber,no,no,mailed_check,0,13,0
CUST-0721,2,65.41,126.32,one_year,dsl,no,no,electronic_check,1,0,1
CUST-0722,14,62.1,908.46,month-to-month,none,yes,yes,bank_transfer,1,11,0
CUST-0723,32,51.12,1761.87,month-to-month,fiber,yes,yes,credit_card,1,11,0
CUST-0724,19,25.73,489.56,one_year,dsl,no,no,credit_card,0,4,0
CUST-0725,7,38.94,271.26,one_year,dsl,yes,yes,bank_transfer,0,10,0
CUST-0726,60,36.23,2153.93,two_year,none,no,no,credit_card,1,10,0
CUST-0727,6,43.9,275.76,one_year,fiber,yes,yes,bank_transfer,1,6,0
CUST-0728,43,20.99,876.92,two_year,dsl,yes,no,bank_transfer,0,11,0
CUST-0729,19,39.78,706.56,one_year,dsl,yes,no,electronic_check,0,6,0
CUST-0730,23,104.29,2595.67,one_year,none,yes,yes,bank_transfer,0,5,1
CUST-0731,18,44.01,841.21,one_year,none,yes,no,bank_transfer,1,14,0
CUST-0732,68,39.17,2598.67,two_year,dsl,yes,yes,bank_transfer,0,6,0
CUST-0733,55,44.72,2523.28,two_year,fiber,yes,yes,credit_card,0,10,0
CUST-0734,17,36.74,610.6,two_year,none,no,yes,electronic_check,1,2,0
CUST-0735,66,91.56,6036.67,one_year,dsl,no,yes,credit_card,1,15,0
CUST-0736,52,106.32,5413.53,two_year,none,yes,yes,bank_transfer,0,14,0
CUST-0737,49,49.5,2434.63,two_year,fiber,no,no,electronic_check,0,2,0
CUST-0738,6,60.9,387.65,one_year,none,no,no,mailed_check,1,13,0
CUST-0739,49,110.15,5175.54,month-to-month,fiber,no,yes,credit_card,0,11,0
CUST-0740,70,56.02,3957.5,two_year,fiber,no,yes,electronic_check,0,2,0
CUST-0741,43,97.01,3989.43,one_year,dsl,no,yes,bank_transfer,1,0,0
CUST-0742,52,42.69,2330.49,one_year,none,yes,no,bank_transfer,1,7,0
CUST-0743,67,104.58,6907.07,two_year,none,no,no,credit_card,0,10,0
CUST-0744,54,50.56,2860.09,month-to-month,dsl,no,yes,credit_card,0,4,0
CUST-0745,46,78.7,3669.13,one_year,fiber,no,no,mailed_check,1,10,1
CUST-0746,18,73.45,1239.69,month-to-month,dsl,no,no,bank_transfer,1,2,1
CUST-0747,58,102.65,6076.78,two_year,dsl,yes,yes,electronic_check,0,1,1
CUST-0748,26,65.47,1657.5,month-to-month,dsl,no,yes,bank_transfer,1,2,1
CUST-0749,42,94.31,3873.08,one_year,dsl,yes,yes,bank_transfer,1,15,0
CUST-0750,27,78.75,2127.3,month-to-month,fiber,no,no,mailed_check,0,9,0
CUST-0751,36,72.59,2827.68,month-to-month,fiber,yes,no,electronic_check,1,7,0
CUST-0752,59,90.03,5536.62,one_year,none,yes,yes,credit_card,1,11,0
CUST-0753,23,89.85,1899.38,one_year,fiber,yes,no,mailed_check,1,5,0
CUST-0754,6,61.13,385.99,month-to-month,fiber,no,no,electronic_check,0,15,1
CUST-0755,48,40.74,1777.42,month-to-month,fiber,no,no,mailed_check,0,8,1
CUST-0756,60,45.06,2816.66,one_year,dsl,no,yes,mailed_check,0,0,0
CUST-0757,60,67.08,3847.02,one_year,dsl,yes,yes,bank_transfer,1,4,0
CUST-0758,3,27.76,87.67,two_year,fiber,yes,no,electronic_check,1,5,0
CUST-0759,20,89.67,1914.1,one_year,dsl,yes,yes,electronic_check,0,14,0
CUST-0760,14,97.24,1434.09,one_year,none,no,no,electronic_check,0,1,0
CUST-0761,48,53.71,2419.35,month-to-month,fiber,yes,yes,mailed_check,0,0,0
CUST-0762,29,101.56,2840.79,month-to-month,none,yes,yes,electronic_check,1,3,0
CUST-0763,27,55.66,1404.72,two_year,dsl,no,yes,bank_transfer,0,3,0
CUST-0764,41,84.99,3393.28,month-to-month,dsl,yes,no,bank_transfer,0,8,1
CUST-0765,28,79.99,2455.37,one_year,dsl,no,yes,bank_transfer,1,3,0
CUST-0766,18,80.85,1480.05,one_year,fiber,no,no,electronic_check,1,0,0
CUST-0767,30,43.64,1290.48,two_year,none,yes,yes,electronic_check,0,9,1
CUST-0768,11,57.57,651.26,month-to-month,fiber,no,no,credit_card,0,4,1
CUST-0769,57,84.8,4629.1,two_year,dsl,yes,no,credit_card,0,13,1
CUST-0770,43,72.15,2906.09,one_year,fiber,yes,yes,bank_transfer,0,12,0
CUST-0771,9,29.18,267.49,one_year,fiber,yes,yes,bank_transfer,0,4,0
CUST-0772,27,92.17,2361.63,month-to-month,none,yes,no,mailed_check,1,5,1
CUST-0773,32,115.1,3579.76,one_year,dsl,no,yes,credit_card,1,2,0
CUST-0774,61,62.74,3508.13,one_year,dsl,no,yes,mailed_check,0,12,0
CUST-0775,39,50.58,1887.1,two_year,none,yes,yes,credit_card,1,14,0
CUST-0776,62,20.42,1357.61,month-to-month,dsl,yes,no,bank_transfer,0,6,0
CUST-0777,48,50.78,2675.1,one_year,dsl,no,no,credit_card,1,15,1
CUST-0778,5,70.96,353.99,month-to-month,dsl,yes,yes,mailed_check,1,11,0
CUST-0779,8,112.15,872.33,two_year,dsl,no,yes,bank_transfer,1,1,0
CUST-0780,4,44.74,181.76,two_year,none,yes,no,mailed_check,0,8,0
CUST-0781,21,107.6,2108.58,month-to-month,fiber,yes,no,mailed_check,0,6,0
CUST-0782,39,83.62,3441.65,two_year,none,no,no,mailed_check,0,3,0
CUST-0783,19,101.64,1738.65,one_year,none,yes,no,credit_card,0,5,1
CUST-0784,54,38.64,1933.96,two_year,dsl,no,no,bank_transfer,0,11,0
CUST-0785,65,100.92,6155.57,month-to-month,dsl,yes,yes,bank_transfer,0,5,0
CUST-0786,53,57.77,2925.11,one_year,none,yes,yes,electronic_check,1,2,0
CUST-0787,31,86.53,2837.59,one_year,dsl,yes,yes,electronic_check,1,0,1
CUST-0788,28,80.44,2178.69,two_year,fiber,no,no,mailed_check,1,10,0
CUST-0789,44,107.31,5010.86,one_year,fiber,no,no,mailed_check,0,11,1
CUST-0790,52,65.19,3516.11,two_year,fiber,yes,yes,credit_card,0,11,0
CUST-0791,66,107.34,7749.81,one_year,none,yes,yes,credit_card,0,11,0
CUST-0792,57,113.91,7066.16,month-to-month,none,no,no,electronic_check,1,13,0
CUST-0793,13,69.79,832.35,two_year,dsl,no,yes,bank_transfer,0,4,0
CUST-0794,71,41.16,3070.38,one_year,fiber,no,yes,mailed_check,0,7,0
CUST-0795,12,42.04,480.03,month-to-month,dsl,yes,yes,credit_card,1,8,0
CUST-0796,16,84.4,1317.18,two_year,fiber,no,yes,credit_card,0,2,0
CUST-0797,49,49.1,2218.91,two_year,none,no,yes,bank_transfer,1,3,0
CUST-0798,25,51.08,1300.0,two_year,fiber,no,yes,credit_card,1,0,1
CUST-0799,50,20.92,1119.71,one_year,dsl,no,yes,bank_transfer,0,12,0
CUST-0800,38,79.89,2919.79,month-to-month,dsl,no,yes,credit_card,0,1,0
CUST-0801,16,25.88,439.77,one_year,none,no,yes,mailed_check,1,12,1
CUST-0802,27,118.44,3299.73,two_year,fiber,yes,yes,mailed_check,1,9,0
CUST-0803,3,59.11,178.32,two_year,dsl,no,no,mailed_check,1,12,1
CUST-0804,25,104.98,2734.51,two_year,none,no,yes,bank_transfer,1,1,0
CUST-0805,21,41.81,921.63,two_year,fiber,no,no,credit_card,0,6,0
CUST-0806,2,112.6,207.01,one_year,none,yes,yes,mailed_check,1,5,0
CUST-0807,23,23.4,510.31,month-to-month,fiber,no,no,bank_transfer,1,7,0
CUST-0808,23,83.23,1893.28,two_year,none,no,yes,mailed_check,1,8,1
CUST-0809,15,89.37,1231.85,month-to-month,fiber,no,yes,electronic_check,1,8,0
CUST-0810,50,26.35,1425.24,one_year,none,no,no,bank_transfer,0,10,0
CUST-0811,24,95.35,2154.51,one_year,none,yes,no,mailed_check,0,3,0
CUST-0812,16,23.91,388.3,month-to-month,none,yes,yes,mailed_check,1,3,0
CUST-0813,12,116.63,1307.64,two_year,dsl,yes,yes,electronic_check,1,11,0
CUST-0814,1,89.51,89.92,month-to-month,dsl,yes,no,mailed_check,0,15,0
CUST-0815,46,38.81,1713.75,two_year,none,yes,yes,electronic_check,0,1,0
CUST-0816,18,27.44,469.71,two_year,none,yes,no,credit_card,0,13,0
CUST-0817,21,27.06,594.7,one_year,dsl,yes,no,mailed_check,0,6,0
CUST-0818,25,57.89,1581.56,two_year,dsl,yes,no,bank_transfer,1,13,0
CUST-0819,35,56.28,1904.21,month-to-month,none,yes,no,electronic_check,1,2,1
CUST-0820,29,98.27,2635.24,one_year,fiber,yes,no,bank_transfer,1,3,0
CUST-0821,40,109.66,4097.55,two_year,dsl,yes,no,credit_card,1,3,0
CUST-0822,50,88.67,4622.56,month-to-month,dsl,no,no,bank_transfer,1,0,0
CUST-0823,19,90.68,1613.72,one_year,none,no,yes,credit_card,0,13,0
CUST-0824,60,114.75,6756.27,two_year,dsl,no,no,bank_transfer,1,2,0
CUST-0825,12,28.46,326.89,two_year,fiber,yes,yes,electronic_check,0,1,0
CUST-0826,2,21.39,40.13,one_year,none,yes,no,mailed_check,0,12,0
CUST-0827,1,87.45,94.13,two_year,dsl,no,yes,electronic_check,1,5,0
CUST-0828,29,69.55,1884.03,month-to-month,fiber,no,yes,credit_card,0,13,0
CUST-0829,44,46.48,1841.52,two_year,fiber,yes,no,credit_card,1,9,0
CUST-0830,51,20.59,1041.76,month-to-month,dsl,yes,no,mailed_check,0,11,0
CUST-0831,14,63.08,829.7,month-to-month,dsl,yes,no,credit_card,0,3,0
CUST-0832,20,67.07,1307.68,one_year,fiber,no,yes,bank_transfer,1,7,0
CUST-0833,24,55.37,1311.33,two_year,dsl,yes,no,mailed_check,0,4,0
CUST-0834,26,94.39,2650.96,month-to-month,fiber,no,yes,bank_transfer,1,13,1
CUST-0835,26,99.98,2710.9,one_year,none,no,yes,mailed_check,1,15,0
CUST-0836,52,32.61,1642.85,two_year,none,no,yes,electronic_check,0,0,1
CUST-0837,31,48.95,1513.18,month-to-month,none,no,no,electronic_check,1,15,0
CUST-0838,32,119.43,3628.65,two_year,fiber,yes,yes,credit_card,0,8,0
CUST-0839,26,32.05,816.85,one_year,none,yes,yes,bank_transfer,0,7,0
CUST-0840,25,60.73,1459.48,month-to-month,dsl,yes,yes,electronic_check,0,12,0
CUST-0841,30,50.43,1443.08,month-to-month,dsl,no,no,electronic_check,1,1,1
CUST-0842,45,20.05,931.2,two_year,dsl,yes,no,electronic_check,0,1,0
CUST-0843,37,56.36,2003.72,one_year,dsl,yes,no,bank_transfer,1,15,1
CUST-0844,2,43.83,83.73,two_year,none,yes,no,credit_card,1,11,0
CUST-0845,12,112.55,1235.77,month-to-month,fiber,yes,yes,bank_transfer,0,14,0
CUST-0846,44,39.17,1740.89,one_year,none,no,yes,bank_transfer,0,4,0
CUST-0847,72,61.9,4841.27,one_year,dsl,no,yes,mailed_check,0,15,0
CUST-0848,3,99.44,309.88,month-to-month,none,no,yes,credit_card,0,1,0
CUST-0849,51,60.08,2924.05,one_year,none,yes,yes,mailed_check,1,12,0
CUST-0850,21,49.64,994.18,two_year,fiber,yes,no,credit_card,1,7,1
CUST-0851,29,112.72,3118.8,month-to-month,none,yes,no,electronic_check,0,8,0
CUST-0852,32,28.32,943.48,month-to-month,none,yes,yes,credit_card,1,10,0
CUST-0853,18,41.93,824.97,one_year,none,no,no,electronic_check,0,11,1
CUST-0854,3,42.06,120.35,two_year,none,yes,no,credit_card,0,14,0
CUST-0855,51,29.37,1402.46,month-to-month,dsl,yes,no,credit_card,0,15,1
CUST-0856,23,36.29,780.87,month-to-month,none,no,yes,credit_card,0,9,0
CUST-0857,25,30.02,754.52,month-to-month,fiber,yes,no,bank_transfer,1,12,0
CUST-0858,2,96.34,198.25,two_year,fiber,no,no,electronic_check,0,0,1
CUST-0859,32,105.27,3089.02,month-to-month,dsl,yes,yes,electronic_check,0,10,1
CUST-0860,57,74.35,4040.85,month-to-month,dsl,no,no,bank_transfer,0,1,0
CUST-0861,3,111.22,301.9,month-to-month,fiber,no,yes,mailed_check,0,0,1
CUST-0862,19,36.96,647.48,one_year,none,no,yes,mailed_check,0,15,1
CUST-0863,37,80.45,2784.99,one_year,fiber,no,yes,credit_card,0,1,0
CUST-0864,24,47.11,1130.47,two_year,dsl,yes,no,credit_card,1,3,0
CUST-0865,34,59.06,2096.93,two_year,fiber,yes,yes,bank_transfer,1,4,0
CUST-0866,62,119.48,6936.44,month-to-month,fiber,no,no,bank_transfer,0,10,0
CUST-0867,41,58.32,2414.72,one_year,dsl,no,no,credit_card,0,7,0
CUST-0868,64,90.31,5473.73,two_year,none,yes,no,electronic_check,1,7,1
CUST-0869,3,56.09,180.03,one_year,none,no,yes,electronic_check,0,11,0
CUST-0870,18,25.59,427.25,one_year,dsl,yes,no,bank_transfer,0,7,0
CUST-0871,19,86.27,1499.4,one_year,none,yes,no,credit_card,0,3,0
CUST-0872,21,21.25,475.8,month-to-month,fiber,no,yes,electronic_check,0,2,1
CUST-0873,24,64.4,1590.38,one_year,none,yes,no,mailed_check,1,10,1
CUST-0874,15,103.27,1604.79,month-to-month,fiber,yes,yes,bank_transfer,0,12,0
CUST-0875,71,117.31,8364.83,two_year,dsl,no,yes,mailed_check,0,8,0
CUST-0876,17,102.25,1903.73,two_year,fiber,no,yes,bank_transfer,1,5,0
CUST-0877,10,25.47,248.15,two_year,dsl,no,no,mailed_check,1,5,0
CUST-0878,35,48.22,1701.73,month-to-month,fiber,yes,no,credit_card,0,7,1
CUST-0879,2,117.67,238.39,one_year,fiber,yes,yes,bank_transfer,1,2,0
CUST-0880,62,95.17,6441.9,month-to-month,fiber,no,yes,credit_card,0,11,0
CUST-0881,41,109.65,4498.87,one_year,none,no,yes,electronic_check,1,13,0
CUST-0882,20,35.15,697.81,month-to-month,none,no,no,electronic_check,1,5,0
CUST-0883,12,98.54,1144.41,two_year,fiber,yes,yes,bank_transfer,1,14,0
CUST-0884,56,76.69,4719.3,month-to-month,none,no,yes,bank_transfer,0,4,1
CUST-0885,2,36.97,70.92,month-to-month,dsl,yes,no,electronic_check,1,10,1
CUST-0886,47,117.85,5830.46,one_year,fiber,yes,yes,mailed_check,1,15,0
CUST-0887,18,60.9,1122.44,month-to-month,none,no,yes,credit_card,1,12,0
CUST-0888,57,46.28,2836.09,one_year,none,no,no,electronic_check,1,14,0
CUST-0889,8,35.82,280.79,two_year,fiber,yes,yes,electronic_check,1,12,1
CUST-0890,50,30.91,1446.67,one_year,none,yes,no,mailed_check,1,14,1
CUST-0891,51,119.64,6084.92,one_year,fiber,no,no,electronic_check,1,10,0
CUST-0892,61,84.02,4940.9,month-to-month,dsl,no,yes,bank_transfer,1,4,1
CUST-0893,49,106.8,5706.96,month-to-month,dsl,no,no,bank_transfer,0,6,0
CUST-0894,35,60.51,2032.43,one_year,none,yes,yes,bank_transfer,0,8,0
CUST-0895,54,54.2,3075.0,two_year,fiber,no,yes,electronic_check,0,13,1
CUST-0896,45,102.3,4659.58,one_year,dsl,no,yes,mailed_check,1,12,0
CUST-0897,26,109.65,3098.26,month-to-month,none,yes,no,credit_card,0,4,0
CUST-0898,41,83.43,3515.67,month-to-month,none,no,no,electronic_check,1,4,0
CUST-0899,5,54.81,298.84,month-to-month,none,yes,no,bank_transfer,1,6,0
CUST-0900,2,84.89,168.29,one_year,dsl,yes,no,credit_card,0,15,0
CUST-0901,46,57.31,2664.07,two_year,dsl,no,yes,bank_transfer,1,13,1
CUST-0902,56,28.96,1464.91,one_year,dsl,no,no,electronic_check,0,3,0
CUST-0903,14,41.19,608.59,one_year,none,yes,no,electronic_check,1,13,0
CUST-0904,15,20.76,303.59,month-to-month,dsl,yes,no,mailed_check,1,12,1
CUST-0905,37,110.02,4001.18,one_year,none,no,no,mailed_check,0,0,1
CUST-0906,20,75.57,1478.56,one_year,none,no,no,bank_transfer,1,7,0
CUST-0907,51,110.42,5650.88,month-to-month,none,no,yes,mailed_check,0,12,0
CUST-0908,13,40.38,482.24,two_year,fiber,yes,no,credit_card,0,10,0
CUST-0909,20,83.45,1761.66,month-to-month,none,yes,no,electronic_check,0,14,1
CUST-0910,29,28.3,762.23,one_year,fiber,yes,no,credit_card,0,8,1
CUST-0911,14,109.46,1407.63,month-to-month,dsl,yes,yes,bank_transfer,1,8,0
CUST-0912,47,68.65,3307.65,month-to-month,dsl,yes,no,electronic_check,1,2,1
CUST-0913,54,110.36,6149.74,one_year,dsl,no,yes,bank_transfer,1,0,0
CUST-0914,5,112.66,528.7,month-to-month,dsl,no,no,electronic_check,0,8,1
CUST-0915,3,22.95,63.87,two_year,none,yes,yes,credit_card,0,6,1
CUST-0916,17,66.7,1203.98,one_year,dsl,no,yes,electronic_check,1,9,0
CUST-0917,52,78.36,4291.86,month-to-month,dsl,yes,yes,credit_card,1,3,0
CUST-0918,27,82.29,2269.51,two_year,dsl,no,no,mailed_check,1,10,0
CUST-0919,46,78.69,3470.23,one_year,none,yes,no,bank_transfer,0,8,0
CUST-0920,68,99.09,6546.41,one_year,dsl,yes,yes,bank_transfer,1,13,1
CUST-0921,48,91.68,4148.72,one_year,fiber,no,yes,electronic_check,1,0,0
CUST-0922,42,30.29,1215.71,month-to-month,none,yes,no,credit_card,0,6,0
CUST-0923,10,39.71,421.14,two_year,none,no,no,credit_card,1,6,0
CUST-0924,36,43.64,1420.62,one_year,fiber,yes,no,bank_transfer,1,12,1
CUST-0925,1,84.48,77.21,one_year,dsl,yes,no,electronic_check,0,10,1
CUST-0926,54,75.65,3932.46,two_year,dsl,no,no,credit_card,1,2,0
CUST-0927,51,22.93,1063.67,one_year,none,no,no,electronic_check,1,3,1
CUST-0928,14,92.41,1374.54,one_year,none,no,yes,bank_transfer,0,6,0
CUST-0929,69,114.71,7242.28,month-to-month,none,yes,no,electronic_check,0,1,0
CUST-0930,49,51.93,2365.43,one_year,none,yes,yes,mailed_check,0,4,0
CUST-0931,53,52.19,2893.79,two_year,dsl,yes,yes,mailed_check,1,8,0
CUST-0932,34,27.51,934.33,one_year,none,yes,no,bank_transfer,0,2,0
CUST-0933,28,101.4,2987.75,one_year,dsl,yes,no,electronic_check,1,6,0
CUST-0934,41,111.67,4473.69,one_year,none,no,yes,electronic_check,0,7,0
CUST-0935,66,88.63,6377.79,month-to-month,dsl,yes,yes,credit_card,1,5,0
CUST-0936,14,38.7,490.72,month-to-month,dsl,yes,yes,bank_transfer,0,14,0
CUST-0937,58,35.06,2034.37,one_year,dsl,yes,yes,credit_card,1,6,0
CUST-0938,7,39.39,258.6,one_year,dsl,no,yes,electronic_check,1,13,1
CUST-0939,36,115.9,3938.39,two_year,none,no,no,electronic_check,0,7,1
CUST-0940,5,108.26,562.9,two_year,dsl,yes,yes,electronic_check,1,7,0
CUST-0941,51,54.76,2674.34,month-to-month,fiber,no,no,bank_transfer,0,6,0
CUST-0942,1,88.14,82.26,month-to-month,fiber,no,no,bank_transfer,0,10,1
CUST-0943,59,117.44,7457.3,month-to-month,fiber,no,no,credit_card,0,5,1
CUST-0944,2,30.94,65.83,two_year,dsl,no,yes,mailed_check,0,15,0
CUST-0945,38,100.39,3689.45,month-to-month,none,yes,yes,electronic_check,0,9,0
CUST-0946,45,102.77,4440.71,two_year,dsl,no,no,credit_card,1,0,0
CUST-0947,67,117.86,8459.28,two_year,none,no,yes,credit_card,0,4,0
CUST-0948,19,94.44,1684.49,one_year,dsl,yes,yes,mailed_check,1,6,0
CUST-0949,14,59.1,813.71,one_year,none,no,yes,credit_card,1,10,0
CUST-0950,40,48.84,2137.03,month-to-month,fiber,no,yes,mailed_check,1,11,0
CUST-0951,19,48.83,983.4,one_year,none,yes,no,bank_transfer,1,15,1
CUST-0952,6,63.03,390.3,month-to-month,dsl,yes,yes,mailed_check,1,0,1
CUST-0953,33,119.59,3707.1,month-to-month,dsl,no,yes,electronic_check,1,4,0
CUST-0954,11,62.26,748.81,one_year,fiber,yes,no,credit_card,0,12,1
CUST-0955,34,88.33,2822.73,one_year,none,no,yes,mailed_check,1,4,0
CUST-0956,71,57.6,4397.07,month-to-month,dsl,no,yes,credit_card,1,5,0
CUST-0957,18,66.66,1310.62,two_year,dsl,no,no,mailed_check,1,13,0
CUST-0958,72,32.73,2376.95,month-to-month,dsl,yes,yes,credit_card,0,11,0
CUST-0959,38,103.92,3620.93,month-to-month,dsl,yes,no,electronic_check,1,14,1
CUST-0960,14,32.14,457.57,one_year,none,yes,no,mailed_check,1,1,0
CUST-0961,7,50.09,337.37,two_year,fiber,yes,no,bank_transfer,0,4,0
CUST-0962,1,80.38,74.29,one_year,none,yes,yes,electronic_check,0,4,1
CUST-0963,27,49.99,1345.34,month-to-month,dsl,yes,no,mailed_check,0,3,1
CUST-0964,31,38.48,1268.88,two_year,dsl,no,yes,mailed_check,0,0,0
CUST-0965,22,86.75,2083.74,two_year,none,yes,no,mailed_check,1,9,0
CUST-0966,36,22.8,813.75,one_year,dsl,yes,no,mailed_check,1,4,0
CUST-0967,2,66.79,139.54,two_year,dsl,yes,no,electronic_check,1,4,1
CUST-0968,21,85.59,1744.14,one_year,none,yes,no,mailed_check,0,5,0
CUST-0969,44,111.62,5053.84,one_year,none,yes,no,credit_card,1,2,0
CUST-0970,61,78.45,5101.18,two_year,none,yes,no,bank_transfer,1,11,1
CUST-0971,4,52.37,198.23,two_year,fiber,yes,yes,electronic_check,1,15,0
CUST-0972,31,31.45,1042.57,month-to-month,fiber,no,no,electronic_check,0,8,1
CUST-0973,48,57.76,3043.56,two_year,none,yes,yes,credit_card,0,14,0
CUST-0974,26,94.22,2417.41,month-to-month,dsl,no,no,credit_card,0,6,0
CUST-0975,25,109.33,2656.48,month-to-month,none,yes,yes,bank_transfer,0,4,0
CUST-0976,70,70.09,4765.47,month-to-month,dsl,yes,no,bank_transfer,0,15,0
CUST-0977,18,98.24,1696.96,month-to-month,dsl,no,no,electronic_check,0,4,1
CUST-0978,30,59.04,1720.86,month-to-month,none,no,yes,bank_transfer,1,8,0
CUST-0979,21,78.28,1787.53,one_year,fiber,yes,no,mailed_check,0,3,0
CUST-0980,4,33.93,137.0,month-to-month,dsl,no,no,bank_transfer,1,1,0
CUST-0981,8,79.81,652.84,month-to-month,dsl,yes,yes,credit_card,0,13,1
CUST-0982,71,70.76,5175.02,one_year,fiber,no,yes,electronic_check,0,15,0
CUST-0983,39,75.25,2671.88,month-to-month,fiber,yes,yes,bank_transfer,1,0,0
CUST-0984,17,109.71,2045.06,one_year,none,no,yes,electronic_check,1,3,0
CUST-0985,25,42.71,1120.6,one_year,dsl,yes,yes,bank_transfer,0,0,0
CUST-0986,69,32.67,2110.23,two_year,fiber,yes,yes,electronic_check,0,1,1
CUST-0987,45,85.76,3980.06,two_year,none,yes,no,bank_transfer,1,15,1
CUST-0988,70,98.02,6576.9,month-to-month,dsl,no,yes,mailed_check,1,11,0
CUST-0989,68,47.98,3069.2,one_year,dsl,yes,yes,credit_card,1,15,0
CUST-0990,67,117.79,8204.99,month-to-month,dsl,yes,yes,credit_card,0,1,0
CUST-0991,59,50.04,3226.99,month-to-month,fiber,no,yes,credit_card,1,12,1
CUST-0992,50,40.57,1900.47,one_year,fiber,no,no,mailed_check,0,7,0
CUST-0993,7,101.02,720.0,two_year,dsl,yes,no,electronic_check,1,8,0
CUST-0994,44,115.25,5509.61,two_year,none,no,no,electronic_check,0,12,1
CUST-0995,69,33.19,2068.05,one_year,dsl,no,yes,mailed_check,1,7,0
CUST-0996,36,56.17,2086.52,month-to-month,fiber,no,no,mailed_check,0,8,0
CUST-0997,2,21.73,39.19,month-to-month,dsl,no,no,bank_transfer,1,14,1
CUST-0998,46,109.7,5098.12,one_year,none,yes,no,electronic_check,0,8,0
CUST-0999,57,83.03,4398.49,month-to-month,dsl,no,no,mailed_check,0,7,0
CUST-1000,7,75.34,498.69,month-to-month,fiber,yes,yes,mailed_check,1,1,0
